Company_Name,Time_Period,Inventory_Demand_Turnover,Pricing_Revenue_Margin,Manufacturing_Plant_Output,Espionage_Tech_Digitalization,Logistics_Freight_Tolls,Marketing_and_PR_Spend,Quality_Control_Sabotage,Culinary_RnD_Budget,Raw_Procurement_Monopoly,Union_Workforce_Liability,Net_Profit_Rs_Cr,Total_Cost_Rs_Cr,Revenue_Rs_Cr
Spice Route Foods,Year_01,43.7086,72.8346,26.662,56.7174,33.5535,84.4767,70.5433,35.7868,61.4796,63.9369,526.1124,261.1273,787.2397
Spice Route Foods,Year_02,95.5643,58.2487,58.7711,53.1264,32.2281,78.8075,81.7013,82.2376,82.4889,56.2337,661.4008,746.6723,1408.0731
Spice Route Foods,Year_03,75.8795,37.8575,88.5651,12.3078,91.5629,61.6176,32.5421,99.7514,78.4145,35.9366,645.3049,692.3045,1337.6094
Spice Route Foods,Year_04,63.8793,83.2416,75.9002,40.7123,32.4592,96.0442,66.2387,12.7023,23.851,10.5818,681.5862,656.0209,1337.6071
Spice Route Foods,Year_05,24.0417,71.6258,82.5905,44.2176,34.4755,28.0427,61.4571,90.7629,23.4325,54.6615,539.2556,229.2598,768.5154
Spice Route Foods,Year_06,24.0395,24.6355,69.2905,45.8941,78.3458,19.8338,84.9547,66.0367,34.1357,35.7063,478.0451,706.2373,1184.2824
Spice Route Foods,Year_07,15.2275,91.9834,72.3049,62.2155,50.4766,86.8566,91.5478,97.6044,42.4967,76.1147,626.9972,462.8264,1089.8236
Spice Route Foods,Year_08,87.9559,84.0284,86.4276,58.0242,79.904,49.5235,11.0941,51.8509,46.761,12.1552,716.8737,405.4371,1122.3108
Spice Route Foods,Year_09,64.1004,95.482,32.4701,64.7115,15.883,86.2272,70.6618,86.2649,71.1727,62.6345,685.5685,527.8858,1213.4543
Spice Route Foods,Year_10,73.7265,75.3148,54.0482,78.8395,53.8814,90.3781,14.6652,15.6155,15.1012,94.7327,634.0672,254.8119,888.8791
Spice Route Foods,Year_11,11.8526,65.2074,29.9088,83.1687,13.0252,15.6212,59.3973,40.1751,13.1205,25.6968,450.6879,653.9879,1104.6758
Spice Route Foods,Year_12,97.2919,47.6419,98.8901,74.6311,15.6388,89.5118,35.8869,16.0315,45.272,52.4485,737.4176,549.461,1286.8786
Spice Route Foods,Year_13,84.9198,93.9456,94.9653,95.9971,91.5794,50.3487,37.6099,97.7809,72.7447,18.228,867.5098,311.9541,1179.4639
Spice Route Foods,Year_14,29.1105,87.9458,13.5484,11.6409,22.5321,55.9389,41.7663,83.5277,27.4092,66.3114,399.3571,312.9393,712.2964
Spice Route Foods,Year_15,26.3642,14.0697,73.5018,27.62,57.9179,66.3933,65.9163,86.7293,67.7354,59.5479,457.9764,310.5492,768.5256
Spice Route Foods,Year_16,26.5064,12.373,93.2723,10.6807,46.9986,93.3744,40.0645,94.4169,33.3845,46.6629,446.3461,234.2014,680.5475
Spice Route Foods,Year_17,37.3818,43.8817,26.2518,68.2727,41.2609,11.7204,75.9429,17.6593,89.7477,56.9239,474.2792,552.6791,1026.9583
Spice Route Foods,Year_18,57.2281,82.9498,61.1151,90.8227,90.985,52.9159,46.4075,44.7038,90.6121,90.6917,725.4163,704.2089,1429.6252
Spice Route Foods,Year_19,48.8751,98.8549,92.3939,31.9134,11.9641,71.895,16.1518,16.3931,36.7558,27.6665,564.8491,210.4989,775.348
Spice Route Foods,Year_20,36.2106,23.5375,13.0551,93.4331,69.7411,75.0436,80.5384,28.9714,30.6994,12.0308,538.4002,229.4028,767.803
Spice Route Foods,Year_21,65.0668,63.4718,72.7678,15.4241,96.7055,72.3279,35.7182,30.6429,47.0174,87.5498,628.0666,543.6622,1171.7288
Spice Route Foods,Year_22,22.5544,44.2802,36.7614,94.0992,60.4151,22.0992,48.949,52.2196,31.6478,61.9405,479.6907,691.6974,1171.3881
Spice Route Foods,Year_23,36.293,97.2923,93.1957,41.646,94.314,36.9456,71.6899,34.1706,70.5145,90.1593,656.9324,396.0433,1052.9757
Spice Route Foods,Year_24,42.9726,85.7907,97.3952,19.1279,14.7032,42.2844,39.9211,19.088,84.3458,63.7251,561.7122,409.7686,971.4808
Spice Route Foods,Year_25,51.0463,85.4496,94.984,53.7285,47.6914,82.3993,15.0927,25.0742,70.5783,82.9145,665.804,557.8079,1223.6119
Spice Route Foods,Year_26,80.6658,52.1824,52.6793,33.1099,33.4142,35.0884,43.6529,23.2548,84.1915,48.6706,502.7142,364.5277,867.2419
Spice Route Foods,Year_27,27.9706,47.3338,87.5838,35.6386,75.7739,28.9634,95.0004,97.5769,45.7293,77.4874,623.2739,215.965,839.2389
Spice Route Foods,Year_28,56.2811,34.6066,86.0094,37.6561,98.3167,96.1703,67.7561,78.3363,24.0685,92.1737,696.2427,641.1371,1337.3798
Spice Route Foods,Year_29,63.3173,15.0738,38.719,82.2723,33.0877,10.7977,70.4331,97.0985,76.4156,61.4911,505.4821,575.3899,1080.872
Spice Route Foods,Year_30,14.1805,87.825,84.6024,58.5245,68.8757,99.8039,66.9054,49.5766,42.4427,26.2707,593.5111,548.4536,1141.9647
Spice Route Foods,Year_31,64.679,83.1611,13.3307,38.0177,27.8288,70.9139,27.9093,35.0532,70.4144,34.1918,543.1148,645.0105,1188.1253
Spice Route Foods,Year_32,25.3472,99.9746,63.6643,64.93,60.8797,84.5622,47.65,81.8464,34.358,27.878,637.5202,605.1385,1242.6587
Spice Route Foods,Year_33,15.8546,99.6973,30.7008,74.4536,51.7539,36.5157,77.5846,39.3629,17.3107,32.2171,528.4786,323.5292,852.0078
Spice Route Foods,Year_34,95.3997,59.9889,20.851,34.5362,97.4805,11.2884,19.1236,36.9445,99.3324,37.5774,612.196,411.4886,1023.6846
Spice Route Foods,Year_35,96.9069,79.2089,16.9258,47.2194,64.7675,76.4083,35.0067,30.9255,24.0581,59.962,674.5428,275.6661,950.2089
Spice Route Foods,Year_36,82.7558,95.0289,72.666,20.9697,41.4556,85.073,34.8687,21.6711,98.9579,62.9192,746.5195,277.9142,1024.4337
Spice Route Foods,Year_37,37.4152,86.4683,40.5887,26.3034,20.2686,76.6429,48.8817,33.0817,97.9552,48.385,527.8819,605.7174,1133.5993
Spice Route Foods,Year_38,18.7905,32.2613,75.229,71.3006,23.6122,22.8565,98.2332,41.9788,81.4436,65.3879,431.8024,715.1601,1146.9625
Spice Route Foods,Year_39,71.581,50.549,15.8821,26.3295,30.2785,77.8085,16.0752,70.6595,69.3481,17.3417,540.4643,777.6396,1318.1039
Spice Route Foods,Year_40,49.6137,21.6243,38.3761,57.2647,32.587,79.2031,56.6831,15.6308,62.0026,17.9009,510.425,577.0083,1087.4333
Spice Route Foods,Year_41,20.9834,95.8646,58.5542,73.8142,86.5554,69.2686,26.1428,28.9456,87.9491,25.4647,701.3095,310.4608,1011.7703
Spice Route Foods,Year_42,54.5659,64.5557,81.1651,19.6189,60.5101,78.9504,97.3609,82.8121,36.0496,56.627,619.1577,263.3902,882.5479
Spice Route Foods,Year_43,13.095,30.5779,38.6877,61.0581,57.1052,86.1329,20.1973,23.223,52.0913,29.2595,396.3728,687.7106,1084.0834
Spice Route Foods,Year_44,91.8388,70.4531,66.3302,33.0907,20.3292,65.2244,46.3241,40.8381,65.7451,35.4956,596.5996,547.2539,1143.8535
Spice Route Foods,Year_45,33.2902,65.6315,89.738,96.6634,87.4126,17.9744,76.4096,87.8193,47.0071,46.0282,688.5085,570.971,1259.4795
Spice Route Foods,Year_46,69.627,42.2346,65.4277,53.5191,75.0533,53.8865,73.4099,23.9433,48.4738,83.068,605.9969,668.8773,1274.8742
Spice Route Foods,Year_47,38.054,20.2202,30.9664,82.5393,16.0902,16.9884,48.0456,17.4463,39.7256,11.2476,426.2959,621.9663,1048.2622
Spice Route Foods,Year_48,56.8061,70.4416,12.1961,59.5204,73.7052,46.6789,41.1872,53.6084,60.7809,68.4441,531.5693,700.675,1232.2443
Spice Route Foods,Year_49,59.2039,56.8277,88.3089,13.9071,58.9184,46.6396,45.7851,37.2178,86.5517,70.1989,533.4709,233.7283,767.1992
Spice Route Foods,Year_50,26.6369,79.5087,11.9142,66.9836,17.3553,15.9409,33.7849,60.7068,28.1376,81.879,391.7011,648.5124,1040.2135
Golden Grain Co,Year_01,97.2626,56.8147,88.7232,95.6263,51.2471,41.3938,28.48,82.3424,94.099,93.9478,727.1462,710.5117,1437.6579
Golden Grain Co,Year_02,79.762,86.6963,57.6043,64.1451,53.6227,19.9898,53.4736,22.3434,72.0179,11.8124,697.1473,371.681,1068.8283
Golden Grain Co,Year_03,94.5549,59.6716,94.5161,83.727,24.9197,82.7412,34.168,62.2629,84.0946,23.8405,714.3913,584.2684,1298.6597
Golden Grain Co,Year_04,90.5345,60.4844,81.8905,89.5786,95.1128,95.2919,35.8715,55.4958,60.0572,89.7554,826.7203,388.4972,1215.2175
Golden Grain Co,Year_05,63.811,88.8988,99.8141,30.5272,86.4978,16.5085,69.108,22.9671,80.1565,51.2667,639.9376,774.7826,1414.7202
Golden Grain Co,Year_06,92.9687,46.3135,41.5641,29.084,70.212,95.9604,97.1684,66.1599,11.458,60.8132,673.5332,220.0541,893.5873
Golden Grain Co,Year_07,17.9643,22.0614,79.0469,64.9883,51.6066,57.0319,64.3273,34.6276,83.6542,69.6724,518.7432,547.8757,1066.6189
Golden Grain Co,Year_08,27.6385,12.5904,46.1738,46.9926,47.0589,36.9609,16.9282,53.9051,13.6125,71.116,353.2714,299.9021,653.1735
Golden Grain Co,Year_09,14.0705,77.9624,53.1888,85.5875,68.5876,16.9176,16.8025,17.4045,90.0922,93.8566,464.5193,627.3321,1091.8514
Golden Grain Co,Year_10,39.2797,65.8279,66.4755,91.0021,59.0889,55.0562,95.6281,51.3626,99.2766,99.7254,658.0628,305.5342,963.597
Golden Grain Co,Year_11,44.981,73.3672,88.6309,41.8079,15.6046,81.5064,36.7562,37.5817,36.4661,74.8142,573.4356,341.23,914.6656
Golden Grain Co,Year_12,34.4214,29.1668,98.5675,31.3184,56.1252,73.6378,18.286,84.0143,28.9287,35.8499,523.5716,496.6225,1020.1941
Golden Grain Co,Year_13,84.5864,22.2734,79.1446,80.2473,82.5763,14.5203,63.914,15.1281,78.8827,89.1777,612.6446,748.901,1361.5456
Golden Grain Co,Year_14,42.1078,11.309,47.599,34.7325,51.3316,16.5612,66.1284,47.6747,32.7724,14.4299,409.4413,327.0286,736.4699
Golden Grain Co,Year_15,35.2841,41.5529,47.9221,84.0353,14.6761,46.2586,68.3654,51.2588,87.9006,30.7973,413.1944,286.544,699.7384
Golden Grain Co,Year_16,58.8426,63.0926,76.3824,48.1364,80.765,36.5761,34.0662,75.2505,19.2558,90.7647,603.1569,655.3861,1258.543
Golden Grain Co,Year_17,22.6832,45.302,31.4899,70.0795,28.1227,30.9146,11.36,61.6859,21.336,33.0572,357.5203,500.3717,857.892
Golden Grain Co,Year_18,82.1977,49.3727,19.9427,18.5982,33.2759,35.2904,96.8514,70.0491,98.1236,29.8586,575.8022,747.0711,1322.8733
Golden Grain Co,Year_19,16.7096,91.3743,41.916,66.1473,24.8236,82.3134,32.5804,79.9344,70.6455,22.4313,527.1607,287.9687,815.1294
Golden Grain Co,Year_20,98.8198,41.343,35.8515,50.6591,39.7194,93.6305,70.8424,87.5983,86.2199,87.3201,647.5107,587.5567,1235.0674
Golden Grain Co,Year_21,79.502,56.2591,36.6677,62.7948,78.1076,46.4592,73.5967,38.2488,39.1896,55.0052,614.4013,339.7275,954.1288
Golden Grain Co,Year_22,27.8844,80.5288,31.0247,25.1213,56.7447,91.55,64.9007,58.422,70.8835,70.7404,528.7739,294.0563,822.8302
Golden Grain Co,Year_23,10.497,45.6889,13.7884,76.3186,28.4393,38.9346,38.1617,85.6097,63.4818,31.516,368.6243,610.0576,978.6819
Golden Grain Co,Year_24,83.3915,65.9878,11.6087,87.6517,89.0047,52.8793,34.3987,99.0506,64.2835,78.2236,673.3541,556.2108,1229.5649
Golden Grain Co,Year_25,73.6172,87.6127,98.895,29.5066,89.1624,30.3426,63.7901,90.0567,71.4279,78.4005,750.341,652.8965,1403.2375
Golden Grain Co,Year_26,75.6106,95.4569,48.4996,18.6143,88.3521,67.6428,87.9486,43.4321,61.7823,38.1338,736.2238,385.6775,1121.9013
Golden Grain Co,Year_27,79.4143,23.2366,44.5894,12.1275,31.4917,98.1083,95.206,27.565,48.6156,46.9614,527.1406,468.783,995.9236
Golden Grain Co,Year_28,16.664,93.3929,71.1683,67.7774,50.6115,64.3144,19.5315,54.0453,34.833,28.8721,551.7503,443.283,995.0333
Golden Grain Co,Year_29,42.2619,54.2905,29.6428,64.6385,98.6491,42.2033,23.9346,76.7477,79.1723,97.8905,610.25,790.4537,1400.7037
Golden Grain Co,Year_30,20.4282,33.242,95.4965,59.2028,79.4811,68.3036,95.0263,54.3312,30.3645,68.1042,523.4867,375.3494,898.8361
Golden Grain Co,Year_31,87.6793,51.3222,80.7711,30.8752,12.4451,21.0629,76.2882,53.4863,72.3119,94.1089,562.8995,376.8903,939.7898
Golden Grain Co,Year_32,66.0968,98.2029,18.047,45.1815,15.8684,89.9793,89.4694,85.4407,31.0,37.3047,662.5236,412.7289,1075.2525
Golden Grain Co,Year_33,39.7808,54.3356,47.5823,63.5029,51.7538,55.2776,28.2369,42.5263,66.2797,80.3702,489.3187,538.7564,1028.0751
Golden Grain Co,Year_34,15.7203,39.5876,89.1206,54.709,91.8298,50.4415,62.8827,87.3815,77.237,78.9273,546.5499,351.3936,897.9435
Golden Grain Co,Year_35,37.9884,67.0061,95.0259,98.9007,58.4832,62.7278,73.1026,46.6124,29.6843,72.249,653.0133,749.174,1402.1873
Golden Grain Co,Year_36,39.2665,31.6131,52.0661,22.2796,54.8031,66.2305,71.2101,39.541,15.3949,96.9075,441.9874,359.4113,801.3987
Golden Grain Co,Year_37,75.6646,16.8277,65.207,72.563,19.4926,16.4598,46.7337,50.8591,21.7876,45.42,564.7663,737.4894,1302.2557
Golden Grain Co,Year_38,67.3802,21.5992,25.0331,46.3887,69.1102,71.4355,11.3855,78.6202,64.5397,21.7646,530.9854,262.085,793.0704
Golden Grain Co,Year_39,89.8491,21.5241,99.2052,48.538,83.9893,31.7739,62.4633,21.3402,86.4502,70.4538,703.994,593.9376,1297.9316
Golden Grain Co,Year_40,52.4993,23.6712,30.8505,74.5838,44.2378,74.2557,32.7791,27.6777,14.0497,75.6379,422.2875,744.1913,1166.4788
Golden Grain Co,Year_41,20.7635,22.4944,94.8459,72.3193,79.8051,84.0281,50.5229,95.63,76.0736,61.7555,544.0994,301.2497,845.3491
Golden Grain Co,Year_42,74.192,67.6787,68.4682,99.213,96.8029,82.3563,96.1823,25.7942,40.7187,28.6136,713.854,780.9962,1494.8502
Golden Grain Co,Year_43,78.4707,26.3692,64.6963,21.5555,28.339,59.7251,45.9132,61.0955,53.0676,55.401,512.6912,471.73,984.4212
Golden Grain Co,Year_44,60.5149,41.1101,56.142,19.3699,57.0997,56.8153,85.5821,62.1383,93.5974,38.0971,595.1541,767.4291,1362.5832
Golden Grain Co,Year_45,79.387,90.711,30.7603,75.1905,35.8424,22.8588,26.9687,54.0662,39.8774,48.472,641.506,606.092,1247.598
Golden Grain Co,Year_46,54.4416,52.6565,25.8875,62.0548,81.3569,79.7812,70.5214,68.0271,51.8803,68.0697,592.5503,380.9521,973.5024
Golden Grain Co,Year_47,57.046,70.0802,29.8438,34.6745,61.9834,34.4268,97.9306,30.6844,11.2314,77.0693,542.6624,312.9815,855.6439
Golden Grain Co,Year_48,48.4787,25.5088,26.7794,17.1477,67.1124,54.7026,19.1704,59.7396,17.3439,30.9002,376.2549,382.241,758.4959
Golden Grain Co,Year_49,12.2877,27.306,80.1626,17.7092,81.8123,35.5847,10.7488,43.4956,33.2732,46.4793,379.4994,255.8104,635.3098
Golden Grain Co,Year_50,19.7102,13.6782,41.5113,90.4772,45.6373,22.0446,49.0225,69.5501,12.5067,34.2245,407.7699,286.3208,694.0907
Saffron Harvest Ltd,Year_01,12.8286,25.2042,15.2058,27.2681,92.3581,66.6602,18.3363,22.7101,66.8238,27.8768,276.9825,262.7963,539.7788
Saffron Harvest Ltd,Year_02,67.2769,35.0731,97.2192,39.1034,57.9726,14.8899,77.3546,61.379,48.3759,80.5048,615.7567,453.7661,1069.5228
Saffron Harvest Ltd,Year_03,38.292,25.9309,89.5407,30.3991,24.2159,77.3781,92.3094,26.6743,59.3331,91.8327,530.6993,677.347,1208.0463
Saffron Harvest Ltd,Year_04,55.7714,17.9832,93.4977,41.9497,72.6309,38.5828,49.0619,35.0779,25.7182,43.3209,524.1805,284.8301,809.0106
Saffron Harvest Ltd,Year_05,91.681,20.8572,99.5417,16.2481,81.3935,10.0121,33.284,29.6839,36.6339,77.6151,613.4472,278.1923,891.6395
Saffron Harvest Ltd,Year_06,32.4363,51.4701,25.6506,56.7154,38.5086,56.0016,49.0963,26.4554,69.7442,90.7296,523.0263,586.0574,1109.0837
Saffron Harvest Ltd,Year_07,46.9345,28.57,45.6618,16.0851,87.1461,14.2167,75.1103,84.314,96.8772,86.1512,485.1305,318.3098,803.4403
Saffron Harvest Ltd,Year_08,77.9996,42.7843,78.2415,82.0321,91.5529,34.8553,10.8149,35.7137,14.5375,26.4532,664.4362,258.566,923.0022
Saffron Harvest Ltd,Year_09,30.5918,55.3076,72.6419,31.0341,34.9214,73.6279,63.0509,93.4411,90.1346,96.0663,517.9338,300.1091,818.0429
Saffron Harvest Ltd,Year_10,16.9282,72.1355,23.8506,58.6011,98.5169,15.6421,65.1963,97.2934,61.9193,43.9009,510.9753,754.2388,1265.2141
Saffron Harvest Ltd,Year_11,36.0776,13.5381,83.425,89.2071,22.664,85.5405,67.3919,61.4134,60.7528,40.5317,554.9756,692.8828,1247.8584
Saffron Harvest Ltd,Year_12,24.5099,81.9469,30.1997,68.579,28.1814,10.3438,31.782,22.8701,55.0251,15.6188,433.7672,412.4387,846.2059
Saffron Harvest Ltd,Year_13,93.6728,66.511,30.1436,57.9662,26.5802,32.2141,74.2647,43.7093,16.2455,53.7556,587.8855,593.4925,1181.378
Saffron Harvest Ltd,Year_14,82.7308,17.3583,58.3277,39.19,90.4591,76.6814,18.2252,81.7959,18.0889,19.8112,606.2151,522.3654,1128.5805
Saffron Harvest Ltd,Year_15,67.0063,88.6221,63.3646,39.9702,68.8863,38.4643,27.9343,43.0652,64.0821,32.3686,687.2828,606.2746,1293.5574
Saffron Harvest Ltd,Year_16,88.4315,92.8785,62.2078,70.2538,23.6894,19.1703,88.9723,17.8315,40.6863,38.5248,719.4495,609.6027,1329.0522
Saffron Harvest Ltd,Year_17,82.3305,15.497,18.2338,99.4725,49.6291,42.4211,76.4851,60.1106,92.5541,82.7944,620.6914,577.2404,1197.9318
Saffron Harvest Ltd,Year_18,26.7913,34.919,88.9715,69.5655,65.3768,34.3354,11.2371,86.0609,46.5931,88.794,502.7357,359.6608,862.3965
Saffron Harvest Ltd,Year_19,90.3303,82.5581,33.904,60.2005,17.5118,85.8441,32.3539,81.6334,22.8953,37.222,694.6101,223.4039,918.014
Saffron Harvest Ltd,Year_20,58.5408,77.3434,21.6563,75.7585,89.4175,38.2013,29.2966,25.7611,74.3247,87.2828,604.7151,473.3401,1078.0552
Saffron Harvest Ltd,Year_21,82.6696,26.6069,89.9873,51.8685,82.3243,81.0039,34.3726,70.5488,36.4018,87.1508,657.1794,734.5843,1391.7637
Saffron Harvest Ltd,Year_22,90.6482,28.8414,96.0086,15.4128,55.4686,90.2685,32.2804,29.8454,57.2923,78.8186,651.1188,541.6984,1192.8172
Saffron Harvest Ltd,Year_23,38.6203,43.3425,87.5915,60.6067,97.0414,49.0436,15.6274,29.6387,72.805,23.2026,540.5319,699.4346,1239.9665
Saffron Harvest Ltd,Year_24,19.9047,53.6071,82.8564,96.1863,47.5985,91.8949,51.3046,88.6665,91.0238,72.1291,599.6251,794.9746,1394.5997
Saffron Harvest Ltd,Year_25,30.5142,65.6429,68.9718,25.7773,98.5699,43.9586,75.946,32.4702,81.2972,95.0522,568.1391,298.1697,866.3088
Saffron Harvest Ltd,Year_26,48.4397,43.2022,59.5772,72.1004,70.1128,96.7671,64.6059,33.6923,70.8725,71.4286,624.2132,615.0666,1239.2798
Saffron Harvest Ltd,Year_27,83.6213,51.6281,17.8288,28.084,67.1204,18.0361,70.5585,10.0588,71.167,39.8455,500.795,604.5761,1105.3711
Saffron Harvest Ltd,Year_28,87.4658,77.2724,46.7608,58.2245,24.9359,71.8317,17.3034,88.3602,95.1332,55.0521,714.1118,787.9733,1502.0851
Saffron Harvest Ltd,Year_29,10.6257,13.3015,43.542,18.7009,89.3735,54.4433,95.6342,81.3335,36.6242,68.1153,409.0723,791.3604,1200.4327
Saffron Harvest Ltd,Year_30,55.9673,32.7193,33.3778,50.5334,48.4741,44.8884,85.4643,66.4596,10.1001,55.9513,480.0409,612.0072,1092.0481
Saffron Harvest Ltd,Year_31,47.567,74.2015,75.1078,78.0547,24.601,66.9441,82.4581,77.5239,34.4759,20.7958,607.175,346.1689,953.3439
Saffron Harvest Ltd,Year_32,29.9897,90.5686,54.6288,41.2814,11.1347,73.3471,84.0685,23.6844,29.6102,38.0858,520.5151,679.1335,1199.6486
Saffron Harvest Ltd,Year_33,20.7879,56.051,17.2942,69.8421,60.378,10.3927,93.9439,51.2491,69.5651,82.2156,434.3394,264.2175,698.5569
Saffron Harvest Ltd,Year_34,40.3854,57.8902,29.8165,81.5905,57.466,25.0258,58.9829,41.6097,67.034,87.5276,518.9601,668.4196,1187.3797
Saffron Harvest Ltd,Year_35,94.8619,19.6455,71.4933,93.446,74.7418,74.1741,28.0254,18.4399,63.4115,22.357,681.9129,746.1177,1428.0306
Saffron Harvest Ltd,Year_36,39.0883,50.2671,16.8518,31.1178,90.1232,69.9747,65.5105,53.7517,11.4619,95.7148,420.6892,429.7,850.3892
Saffron Harvest Ltd,Year_37,56.6912,57.9356,86.6086,45.9384,17.1466,96.9443,76.8593,92.8666,75.59,39.594,648.3526,578.3812,1226.7338
Saffron Harvest Ltd,Year_38,73.2717,31.8223,54.5632,23.7174,75.8347,78.4934,76.4126,13.6053,39.1177,69.6082,566.9071,458.0856,1024.9927
Saffron Harvest Ltd,Year_39,42.7267,34.2319,53.2528,99.3235,26.8671,95.5695,56.9304,36.2315,69.855,77.6643,577.3029,462.659,1039.9619
Saffron Harvest Ltd,Year_40,97.4604,43.9556,63.3167,93.4301,87.2359,73.2286,16.1613,28.6787,60.0921,83.0752,717.907,386.2225,1104.1295
Saffron Harvest Ltd,Year_41,96.6203,11.8064,84.2213,58.5961,83.7157,36.8247,43.4002,31.4332,40.8458,95.1175,700.6597,657.2778,1357.9375
Saffron Harvest Ltd,Year_42,32.6604,38.9871,41.3028,85.783,58.6714,19.4828,92.869,91.7591,22.1119,38.1628,457.6837,761.7059,1219.3896
Saffron Harvest Ltd,Year_43,54.7524,29.0303,71.0215,56.8862,73.9219,80.3641,62.6004,52.1262,18.4977,87.2656,627.8625,764.4505,1392.313
Saffron Harvest Ltd,Year_44,37.079,39.4748,60.9159,66.1227,38.2915,67.9734,58.4499,51.9669,84.8366,21.8518,520.1791,304.8688,825.0479
Saffron Harvest Ltd,Year_45,35.6356,20.7786,34.0325,18.0212,52.4051,14.3367,34.1968,78.4518,92.6558,73.4537,386.9144,724.8462,1111.7606
Saffron Harvest Ltd,Year_46,13.3198,90.1475,89.0767,77.9743,83.9473,42.4045,43.1604,23.9043,68.4809,76.778,608.3869,642.4589,1250.8458
Saffron Harvest Ltd,Year_47,64.8608,63.4233,81.7683,21.4942,51.3339,96.112,90.5811,53.8539,19.3091,70.9951,696.2683,351.7024,1047.9707
Saffron Harvest Ltd,Year_48,55.2411,71.1192,69.2607,84.3461,42.2018,55.0361,69.9817,48.6987,46.1824,32.7083,644.073,240.3708,884.4438
Saffron Harvest Ltd,Year_49,14.6331,81.0254,86.5524,80.3825,54.4791,48.9456,80.8648,63.722,75.6045,88.5739,583.4674,360.7984,944.2658
Saffron Harvest Ltd,Year_50,35.0782,54.8598,88.0565,73.787,84.5424,51.193,50.8911,99.9602,80.1839,25.1973,691.8588,747.3249,1439.1837
Monsoon Munchies,Year_01,91.7439,17.8228,73.7527,13.2544,40.1687,28.7994,66.7222,79.2504,20.6397,14.8271,558.6506,579.9072,1138.5578
Monsoon Munchies,Year_02,31.5606,58.3396,85.3312,37.2816,25.6385,43.1836,32.3545,45.8079,10.0028,74.5718,478.3446,632.6328,1110.9774
Monsoon Munchies,Year_03,23.0405,62.8157,72.7724,33.6801,74.0813,43.2832,73.4915,84.4798,74.0923,52.7928,586.5145,354.2914,940.8059
Monsoon Munchies,Year_04,54.0507,77.0896,71.2127,42.4123,84.338,14.712,48.4841,25.3638,42.0937,86.4188,566.8098,631.6329,1198.4427
Monsoon Munchies,Year_05,98.7085,48.8494,65.675,17.8878,19.0574,79.0811,49.8291,12.7417,32.9033,44.5057,625.7291,216.8729,842.602
Monsoon Munchies,Year_06,31.785,21.4822,77.7445,94.3262,31.5887,47.4854,68.439,28.4004,11.1608,25.1451,471.6315,425.1928,896.8243
Monsoon Munchies,Year_07,70.4922,35.5398,24.2745,59.8422,22.7775,83.9962,94.2653,40.637,58.6269,85.2798,552.4246,576.052,1128.4766
Monsoon Munchies,Year_08,78.5458,42.6774,89.2784,37.4972,41.3147,86.5313,15.7606,55.9523,86.6036,59.4019,645.5048,287.6579,933.1627
Monsoon Munchies,Year_09,31.3874,68.1326,88.4659,45.7283,50.5316,29.0795,84.2269,65.3616,96.1868,27.0276,544.2416,693.8021,1238.0437
Monsoon Munchies,Year_10,75.5395,61.37,12.6323,50.2482,77.3944,69.1618,36.3145,91.9545,60.917,74.8346,592.7001,341.0188,933.7189
Monsoon Munchies,Year_11,43.1005,42.0487,84.3235,64.0535,68.6033,52.5054,49.9528,55.8869,56.3015,56.0002,626.349,591.3687,1217.7177
Monsoon Munchies,Year_12,66.9075,98.7864,21.5983,56.4111,65.8836,89.2141,11.9722,55.1148,17.6551,64.3882,663.6317,443.1183,1106.75
Monsoon Munchies,Year_13,67.0177,64.5197,40.1607,92.7453,41.7137,29.4167,37.0941,14.5219,59.3986,51.4809,583.0329,557.6262,1140.6591
Monsoon Munchies,Year_14,58.2197,31.3504,76.9157,54.7267,85.7303,71.0032,55.2368,13.142,44.1981,84.5838,602.9924,264.4703,867.4627
Monsoon Munchies,Year_15,18.1261,19.1604,24.4684,99.2942,52.4158,64.6977,15.0558,59.6044,64.6422,84.6606,394.3655,210.1477,604.5132
Monsoon Munchies,Year_16,85.1772,23.7573,83.617,86.6282,98.1194,36.5771,54.1986,49.4361,44.9854,73.845,746.3525,745.7387,1492.0912
Monsoon Munchies,Year_17,38.8702,32.1362,84.8921,28.7659,67.0728,22.2941,93.44,85.5262,31.6269,19.4861,521.2086,361.778,882.9866
Monsoon Munchies,Year_18,26.7867,24.4613,55.6721,93.7536,21.3638,68.6476,19.4854,24.4612,18.5469,85.4968,427.0384,691.8062,1118.8446
Monsoon Munchies,Year_19,13.6698,26.791,10.5747,20.473,70.856,76.4738,78.7997,12.2474,38.3427,70.3912,364.7641,799.6102,1164.3743
Monsoon Munchies,Year_20,63.1804,35.6586,35.8334,83.5705,39.2594,38.4065,46.8704,50.4135,18.698,72.7322,499.0959,326.8588,825.9547
Monsoon Munchies,Year_21,70.9808,25.6036,65.5234,44.2561,71.7694,68.0349,68.9656,31.3731,25.9207,42.6685,633.8269,359.1024,992.9293
Monsoon Munchies,Year_22,11.4929,90.7089,98.3068,89.0177,16.2677,45.5618,33.4213,14.4653,98.8603,89.1352,515.6771,597.7159,1113.393
Monsoon Munchies,Year_23,56.0884,17.221,66.8632,88.1251,25.7393,74.1886,24.3543,75.2138,49.9693,75.2834,592.1066,779.2692,1371.3758
Monsoon Munchies,Year_24,30.3846,57.206,33.3823,82.5333,87.0164,27.9294,24.4416,20.0434,57.8685,20.1331,476.7937,749.4886,1226.2823
Monsoon Munchies,Year_25,68.0656,46.9357,67.0605,81.1027,30.4462,90.1194,16.3443,64.7488,88.6257,46.7,631.8391,501.7253,1133.5644
Monsoon Munchies,Year_26,25.693,98.4141,58.5987,37.4211,85.3337,35.8669,26.7082,35.2945,99.6012,89.7742,502.87,677.0662,1179.9362
Monsoon Munchies,Year_27,72.1844,20.0835,80.1861,17.2827,35.1348,43.1007,69.7797,25.6146,62.4443,14.2477,508.4246,281.4475,789.8721
Monsoon Munchies,Year_28,44.8062,45.807,19.6283,46.2682,67.8594,15.2283,89.3522,44.1776,83.1226,96.5275,446.8135,786.4629,1233.2764
Monsoon Munchies,Year_29,94.3057,97.2523,78.4925,25.6172,72.4736,20.0361,83.2713,82.1301,39.4247,71.1246,759.6144,778.6119,1538.2263
Monsoon Munchies,Year_30,22.3769,87.8956,58.714,72.5456,56.1389,56.4276,71.6621,45.2884,37.517,66.8238,574.9799,298.2374,873.2173
Monsoon Munchies,Year_31,40.696,83.5365,96.6693,41.149,37.478,34.0833,19.9389,77.5693,46.2433,34.3503,614.7207,379.6539,994.3746
Monsoon Munchies,Year_32,20.2126,33.2113,40.7685,97.8049,29.138,85.1932,36.0269,21.2938,70.5257,32.3913,453.417,260.093,713.51
Monsoon Munchies,Year_33,93.2224,25.3799,66.936,67.6875,12.987,11.3224,37.8826,79.5494,71.3973,94.7852,598.0003,363.0306,961.0309
Monsoon Munchies,Year_34,88.9605,70.1779,93.8825,84.0233,37.3552,44.1185,32.4961,31.324,38.3715,36.8445,697.8705,689.5735,1387.444
Monsoon Munchies,Year_35,33.2147,93.6438,19.2259,21.9272,68.7847,40.3611,56.3505,70.9654,21.9889,79.7955,469.5658,426.9894,896.5552
Monsoon Munchies,Year_36,69.3986,60.1087,94.3506,87.5813,94.4474,11.7395,58.1998,60.9203,66.9157,45.381,791.2707,253.0382,1044.3089
Monsoon Munchies,Year_37,83.55,61.4451,71.9097,93.0481,88.4084,21.1932,42.1197,93.623,21.5493,22.5329,721.7756,405.3353,1127.1109
Monsoon Munchies,Year_38,59.9681,35.1981,16.1053,53.8356,78.9458,47.2278,41.841,44.859,62.0643,10.9644,550.783,788.83,1339.613
Monsoon Munchies,Year_39,57.6686,79.2544,37.0867,64.5628,80.9603,54.3578,84.57,15.9549,72.408,58.9832,637.5219,577.8102,1215.3321
Monsoon Munchies,Year_40,31.7667,26.8339,73.7355,78.8329,69.8486,46.3861,81.0364,11.724,73.055,97.8201,530.804,449.6966,980.5006
Monsoon Munchies,Year_41,18.3792,39.1311,16.0616,25.7355,33.4258,57.7844,37.7016,84.4173,77.8125,43.2223,378.7427,299.9231,678.6658
Monsoon Munchies,Year_42,90.7494,48.2893,62.3953,55.2309,91.6476,63.5619,92.241,57.2262,88.5573,42.1473,792.2171,791.7061,1583.9232
Monsoon Munchies,Year_43,91.0376,55.6849,41.1295,45.8797,70.3659,10.8931,95.7534,79.772,54.9963,40.9682,661.9526,692.5094,1354.462
Monsoon Munchies,Year_44,66.9791,31.8169,65.8824,23.1737,60.4397,51.7686,39.4068,31.0983,75.7224,56.8489,520.8039,368.8864,889.6903
Monsoon Munchies,Year_45,40.5127,20.3353,14.1168,43.0781,19.9891,96.7149,41.8982,41.0575,65.7255,49.6598,384.1153,242.0412,626.1565
Monsoon Munchies,Year_46,41.4289,64.9558,88.4383,16.1355,50.235,56.7129,55.5071,12.7093,26.7976,89.1923,539.7914,233.9753,773.7667
Monsoon Munchies,Year_47,75.336,35.9767,97.614,12.3231,51.4322,70.9788,94.7009,96.5343,12.3121,55.4969,682.5799,272.2269,954.8068
Monsoon Munchies,Year_48,90.7399,62.3114,97.199,22.165,87.8107,38.0677,88.8687,70.1081,35.6087,55.6982,755.8915,548.4612,1304.3527
Monsoon Munchies,Year_49,89.8378,23.8926,77.4687,96.6804,59.1983,79.6592,19.2311,93.9885,49.873,22.4534,734.6984,757.2581,1491.9565
Monsoon Munchies,Year_50,80.1888,53.3026,21.7078,59.4577,44.236,79.5629,45.3458,33.8947,65.5395,98.4466,641.7537,498.0461,1139.7998
Curry Leaf Provisions,Year_01,67.7828,57.933,78.2437,96.924,97.912,56.9166,59.8034,65.0317,86.4963,32.4976,776.1793,705.7673,1481.9466
Curry Leaf Provisions,Year_02,17.5726,14.6641,12.2128,48.9248,19.9649,97.8412,55.2819,71.065,27.6621,16.6028,340.9863,467.532,808.5183
Curry Leaf Provisions,Year_03,24.5466,40.2944,11.9911,38.0635,48.0294,21.2995,27.4477,38.5795,21.2995,69.6832,266.8631,625.1501,892.0132
Curry Leaf Provisions,Year_04,90.8699,22.0973,39.1249,55.5528,13.7822,11.5253,87.2935,86.3298,96.7132,63.583,487.8394,639.1236,1126.963
Curry Leaf Provisions,Year_05,64.5786,15.7037,53.9779,49.5561,76.5914,79.3142,70.9247,95.2445,19.724,47.3631,597.9439,304.3782,902.3221
Curry Leaf Provisions,Year_06,10.8277,99.0964,79.3367,19.5098,92.6269,82.644,85.4118,89.637,53.0642,47.9973,626.4486,416.7296,1043.1782
Curry Leaf Provisions,Year_07,19.1324,39.0118,71.4966,67.6744,35.2034,20.8187,87.2888,76.516,62.7007,80.6558,464.9182,582.3813,1047.2995
Curry Leaf Provisions,Year_08,69.7152,82.8887,50.1312,29.4434,87.2508,33.9025,77.352,34.9718,58.7237,27.6141,658.8876,242.418,901.3056
Curry Leaf Provisions,Year_09,10.4555,32.9177,34.6264,65.7629,36.2996,11.5797,49.529,35.3454,17.7429,83.8228,319.754,416.9241,736.6781
Curry Leaf Provisions,Year_10,24.4727,71.3352,99.7412,68.5181,91.9693,36.3978,64.9492,96.7024,15.1324,68.3872,679.5897,520.8797,1200.4694
Curry Leaf Provisions,Year_11,59.386,78.4205,48.3563,23.6822,77.8566,79.5828,24.4329,10.9256,19.4935,47.7073,574.9724,797.7347,1372.7071
Curry Leaf Provisions,Year_12,72.2706,63.6075,50.6248,15.5215,82.4416,56.6164,70.6281,74.4445,62.7029,51.2226,614.9869,484.7201,1099.707
Curry Leaf Provisions,Year_13,68.6765,52.4419,24.7261,80.2685,11.6206,41.3286,26.1328,73.5622,58.991,33.0982,560.3932,689.6341,1250.0273
Curry Leaf Provisions,Year_14,30.1842,47.0657,81.5329,51.382,96.6529,43.4565,72.4555,66.0421,31.0367,77.6903,568.1285,459.2404,1027.3689
Curry Leaf Provisions,Year_15,74.0961,41.3981,72.4314,15.2347,75.4004,10.1218,30.6638,99.1098,67.3997,56.1587,592.0384,677.8344,1269.8728
Curry Leaf Provisions,Year_16,31.3524,93.6576,29.8693,99.538,37.4276,36.982,20.5796,38.0691,83.8061,38.8769,528.7578,557.2489,1086.0067
Curry Leaf Provisions,Year_17,39.286,84.7557,17.4143,15.2003,84.6455,68.1813,24.8756,40.5975,13.7421,63.6445,464.5242,731.9573,1196.4815
Curry Leaf Provisions,Year_18,77.1842,96.8524,71.2449,72.5532,35.3369,97.6775,10.1793,17.1045,54.8317,99.6161,724.7942,446.5655,1171.3597
Curry Leaf Provisions,Year_19,68.467,21.1868,68.906,98.5311,88.5478,86.2355,74.6866,49.8518,72.0379,49.1736,701.3323,562.5827,1263.915
Curry Leaf Provisions,Year_20,86.4301,75.7781,34.5934,31.5262,20.1322,12.1235,75.9161,33.4944,32.7081,92.8622,583.4101,578.0112,1161.4213
Curry Leaf Provisions,Year_21,69.1852,94.4506,95.5777,22.8024,73.3317,90.8705,56.344,40.9048,37.6994,41.0515,736.7123,450.4298,1187.1421
Curry Leaf Provisions,Year_22,61.1478,26.311,23.5952,20.9246,58.6629,80.4879,24.5227,85.1115,65.2274,14.9259,420.2133,286.5872,706.8005
Curry Leaf Provisions,Year_23,18.4307,15.9847,48.9101,37.2948,18.6881,80.2339,17.5199,94.1936,90.8142,28.3818,353.1512,256.1356,609.2868
Curry Leaf Provisions,Year_24,43.0944,76.7009,94.9254,19.0941,31.7704,51.2196,11.7216,26.716,82.8932,47.6826,562.7093,210.0029,772.7122
Curry Leaf Provisions,Year_25,33.8682,61.7026,47.7755,72.2945,11.1164,45.8205,24.9173,43.5258,62.4817,29.7671,457.7264,724.1206,1181.847
Curry Leaf Provisions,Year_26,31.9591,85.7646,67.4673,15.6063,52.1891,37.2624,90.177,93.5768,75.72,10.0204,567.8301,341.8849,909.715
Curry Leaf Provisions,Year_27,97.5709,22.5795,45.7835,55.848,37.1139,15.9125,31.7383,15.5628,42.834,92.3501,562.0611,326.904,888.9651
Curry Leaf Provisions,Year_28,45.3788,81.5741,34.6794,99.7027,63.8522,30.5412,41.8844,18.3124,67.6869,85.9491,566.7257,641.6212,1208.3469
Curry Leaf Provisions,Year_29,90.2842,28.1465,98.558,83.2573,36.7514,32.1943,19.4811,24.6512,51.9563,76.8063,599.9487,392.0097,991.9584
Curry Leaf Provisions,Year_30,66.8025,24.729,46.8401,65.3697,36.9927,53.5669,30.0125,63.5692,27.0943,25.1033,509.5317,503.6268,1013.1585
Curry Leaf Provisions,Year_31,81.533,24.7839,90.4689,37.5628,76.8874,77.27,56.7302,23.5425,73.1564,20.8327,643.1365,297.5066,940.6431
Curry Leaf Provisions,Year_32,55.2373,83.3117,30.6959,66.1506,14.3329,52.6429,64.6977,97.1269,60.0818,16.0844,563.8627,775.8474,1339.7101
Curry Leaf Provisions,Year_33,61.9213,69.8677,29.1794,57.4337,91.2605,15.206,32.0817,50.2043,42.2759,75.1626,564.0453,710.9488,1274.9941
Curry Leaf Provisions,Year_34,54.3266,57.0759,12.8021,48.3475,86.7037,96.2011,15.1959,55.1366,92.0205,93.5927,570.8599,718.2738,1289.1337
Curry Leaf Provisions,Year_35,27.5719,42.2947,68.65,21.7639,70.1024,94.8452,45.193,32.1993,11.8841,48.7482,476.6662,444.0642,920.7304
Curry Leaf Provisions,Year_36,75.0207,88.948,43.1674,89.7944,63.3899,80.6671,31.0783,52.3864,38.4196,20.7227,731.7736,657.4167,1389.1903
Curry Leaf Provisions,Year_37,35.2695,45.3201,87.7922,50.4806,90.3072,99.2195,29.7599,69.5722,15.1193,56.1154,653.3078,286.3257,939.6335
Curry Leaf Provisions,Year_38,12.1884,83.4939,52.5889,27.516,26.6797,59.0034,96.3877,77.6059,78.9875,41.3949,488.6671,205.1714,693.8385
Curry Leaf Provisions,Year_39,68.0925,49.5221,97.1374,43.0983,17.1072,96.6492,65.467,77.8481,73.1897,43.7342,679.8986,211.9838,891.8824
Curry Leaf Provisions,Year_40,25.94,43.925,26.6973,47.2717,31.5559,16.8045,60.1191,62.0102,39.8217,65.9198,360.6329,551.961,912.5939
Curry Leaf Provisions,Year_41,94.6413,51.6412,88.1761,84.4784,81.512,42.9113,47.4198,91.3924,70.8097,74.6846,772.707,473.2369,1245.9439
Curry Leaf Provisions,Year_42,95.8536,37.124,79.8937,76.0253,13.1203,30.2843,48.605,83.5667,45.6344,19.9543,645.9965,510.8092,1156.8057
Curry Leaf Provisions,Year_43,92.3378,77.2848,79.383,79.2374,62.4526,27.625,58.6815,78.1343,78.0628,13.2031,776.337,204.4779,980.8149
Curry Leaf Provisions,Year_44,43.3143,55.2448,86.0305,10.9928,99.5894,22.6723,72.6787,15.0045,50.8765,99.4897,560.7781,453.612,1014.3901
Curry Leaf Provisions,Year_45,11.3911,30.8991,78.4922,47.4539,87.0126,66.0172,73.1931,10.619,47.1052,30.9456,542.0323,630.8409,1172.8732
Curry Leaf Provisions,Year_46,93.5487,90.9617,66.3598,53.321,56.9301,80.319,25.4525,29.1203,94.1257,14.8447,740.1559,465.6162,1205.7721
Curry Leaf Provisions,Year_47,48.5366,44.5502,21.812,11.7273,15.7277,62.0469,55.0101,69.7171,32.5791,27.0888,394.0358,639.3315,1033.3673
Curry Leaf Provisions,Year_48,96.9989,58.9198,12.9274,33.3832,84.8236,23.2266,47.0762,47.0078,20.8403,13.5062,591.6241,339.8114,931.4355
Curry Leaf Provisions,Year_49,96.7258,91.5825,92.8763,78.4261,63.9081,83.0011,88.3474,46.2166,62.6089,45.263,905.351,687.8852,1593.2362
Curry Leaf Provisions,Year_50,86.7709,66.1814,65.4985,22.3399,20.344,67.2359,66.8277,89.6128,97.239,82.2162,681.2602,553.0587,1234.3189
Masala Mill Industries,Year_01,36.5004,20.5208,81.6884,58.1779,18.4472,44.9349,57.9254,90.6007,44.0055,40.712,519.8023,326.4579,846.2602
Masala Mill Industries,Year_02,44.6588,94.5849,53.337,29.3682,91.8664,70.6717,20.3855,91.8258,15.5833,49.9765,546.5486,342.0323,888.5809
Masala Mill Industries,Year_03,86.6023,66.4937,20.5577,11.0909,70.228,33.3914,64.5074,38.249,40.5375,70.8028,499.4348,576.8183,1076.2531
Masala Mill Industries,Year_04,38.523,40.1415,21.2667,31.7081,84.6358,41.0673,20.5484,72.195,55.5338,55.8005,415.9714,697.9638,1113.9352
Masala Mill Industries,Year_05,25.2543,22.5345,71.7009,97.8286,89.1081,92.5737,40.3486,34.447,24.5731,87.5301,582.62,449.3767,1031.9967
Masala Mill Industries,Year_06,60.1121,81.4623,48.7275,82.1383,61.4595,36.1454,22.8558,27.1549,69.2292,87.9432,574.3437,354.9803,929.324
Masala Mill Industries,Year_07,94.2539,65.8065,28.0472,96.3619,56.5702,52.2989,72.2866,26.6169,99.7974,10.892,632.6712,720.207,1352.8782
Masala Mill Industries,Year_08,72.6427,58.0115,54.2435,53.9069,48.7385,90.1127,28.5627,40.7897,50.6566,80.0242,640.1591,601.561,1241.7201
Masala Mill Industries,Year_09,61.3055,90.4503,15.7788,19.8763,38.5252,73.6949,45.2673,48.6962,41.9256,51.466,549.2589,468.8513,1018.1102
Masala Mill Industries,Year_10,18.7459,80.9737,62.3774,59.3164,49.1136,15.5983,90.6107,84.7854,46.0634,98.9956,509.6377,492.7401,1002.3778
Masala Mill Industries,Year_11,65.3507,23.6507,34.2094,50.894,79.6492,23.2573,28.3885,20.7902,20.3632,53.4909,436.4697,322.5539,759.0236
Masala Mill Industries,Year_12,99.1048,38.055,81.7803,85.9921,64.1731,10.7057,55.7025,76.1433,89.4946,98.8206,709.5003,576.0816,1285.5819
Masala Mill Industries,Year_13,22.6076,32.364,37.9326,18.8274,90.3271,66.783,47.7344,57.8309,47.3343,77.9112,422.3868,415.2455,837.6323
Masala Mill Industries,Year_14,56.6497,76.9552,50.9698,53.9417,49.9042,50.2906,11.6312,35.9151,44.8547,32.3744,543.5612,797.3871,1340.9483
Masala Mill Industries,Year_15,88.9636,13.0179,11.0458,23.5044,64.6381,22.0847,81.3482,54.3538,69.3721,58.4555,510.468,488.1101,998.5781
Masala Mill Industries,Year_16,76.6692,61.2901,16.5202,39.2208,66.8177,96.2141,16.2141,36.9948,49.783,99.2922,492.1066,491.5314,983.638
Masala Mill Industries,Year_17,72.7314,78.6213,45.3244,76.3621,63.2527,57.6694,52.683,63.6474,68.341,87.1778,670.4011,539.5111,1209.9122
Masala Mill Industries,Year_18,73.2236,88.9089,53.1945,52.8416,73.237,31.7704,60.461,49.046,15.5302,18.763,637.3179,750.0536,1387.3715
Masala Mill Industries,Year_19,42.3542,40.7874,64.0018,43.8299,31.369,55.0543,66.5584,24.7965,83.2351,73.5735,488.0542,680.4909,1168.5451
Masala Mill Industries,Year_20,36.4233,83.9132,36.2496,45.5029,56.1127,71.1658,71.9768,20.4925,94.6454,41.1022,544.292,470.678,1014.97
Masala Mill Industries,Year_21,82.8425,19.9569,72.5484,51.3502,19.3802,16.8615,32.7945,59.2026,68.3889,10.6284,559.9188,631.2196,1191.1384
Masala Mill Industries,Year_22,82.9102,86.1807,87.411,80.6515,44.606,34.7233,10.8981,91.2172,95.9109,46.3133,705.4963,551.7413,1257.2376
Masala Mill Industries,Year_23,88.0365,21.474,80.1866,90.2876,53.89,82.6269,75.1099,40.9562,23.6289,31.1279,706.4768,495.4202,1201.897
Masala Mill Industries,Year_24,92.1916,45.7559,13.5657,95.9801,68.7002,51.3698,58.2091,75.97,52.9675,83.6982,687.9704,315.3895,1003.3599
Masala Mill Industries,Year_25,56.0208,81.7566,53.2456,80.8213,95.5478,59.1919,85.2506,69.2795,64.1626,40.3598,787.4368,478.3618,1265.7986
Masala Mill Industries,Year_26,55.1365,23.4926,19.4437,38.3866,64.0586,48.9534,83.925,93.8399,62.3563,84.4771,479.5273,347.4912,827.0185
Masala Mill Industries,Year_27,81.8466,30.6326,31.7841,71.9321,76.9235,13.951,85.8994,83.8883,46.1316,10.0538,623.8502,748.9053,1372.7555
Masala Mill Industries,Year_28,68.4968,75.0027,98.7996,49.3843,55.5639,24.9175,53.6585,60.9945,40.4276,37.7037,628.9753,401.2441,1030.2194
Masala Mill Industries,Year_29,73.177,74.8033,22.8246,32.9204,67.0694,50.0987,40.0266,69.1327,21.4142,31.7049,510.3641,771.3584,1281.7225
Masala Mill Industries,Year_30,81.6213,67.7033,54.8999,85.6784,16.3839,28.8267,81.2402,90.8548,45.2568,31.0211,708.0687,519.8332,1227.9019
Masala Mill Industries,Year_31,90.1005,72.4554,65.634,13.4584,32.8952,14.4981,50.6165,45.9567,24.6395,16.1368,598.4207,578.9266,1177.3473
Masala Mill Industries,Year_32,40.4196,58.8452,73.2218,91.1586,42.5668,85.9285,26.5098,39.4115,76.0929,26.8412,642.0327,525.7643,1167.797
Masala Mill Industries,Year_33,43.8025,32.6619,60.3684,51.533,52.5244,98.3073,86.9477,10.973,28.7948,59.9995,494.4067,277.6284,772.0351
Masala Mill Industries,Year_34,18.4584,41.1126,10.8794,67.3481,14.1084,81.3829,89.4304,84.3896,15.2709,36.2225,425.1663,425.4927,850.659
Masala Mill Industries,Year_35,62.0452,26.3438,39.3815,69.3419,22.6022,86.8406,51.9679,82.0883,59.713,47.5655,600.6982,259.4877,860.1859
Masala Mill Industries,Year_36,13.2348,91.7606,56.594,90.5606,34.9133,31.7779,16.813,19.4009,63.5707,43.918,507.9343,573.7724,1081.7067
Masala Mill Industries,Year_37,51.9038,62.5053,17.908,67.3003,97.4379,96.4564,44.9043,61.9172,88.4722,88.8314,632.1059,468.1245,1100.2304
Masala Mill Industries,Year_38,58.838,46.0766,41.5564,65.254,39.8212,27.7233,82.3184,51.7584,61.9283,91.4769,546.7772,666.791,1213.5682
Masala Mill Industries,Year_39,35.7887,51.5805,12.9883,15.9987,53.3837,95.6287,91.1597,20.6838,41.0933,54.3661,397.3972,332.2823,729.6795
Masala Mill Industries,Year_40,63.175,95.2555,17.0721,56.6567,27.6488,99.5337,28.3125,98.2511,82.2711,39.714,677.1972,298.7396,975.9368
Masala Mill Industries,Year_41,12.745,23.8016,45.7231,23.5152,64.9702,74.0551,16.0276,29.3226,58.6251,19.6121,323.4141,443.7993,767.2134
Masala Mill Industries,Year_42,13.3613,62.7607,21.9444,76.369,35.2615,98.3029,88.9615,16.0511,17.1352,95.8063,478.0818,755.9512,1234.033
Masala Mill Industries,Year_43,84.0341,55.53,61.0787,56.1,28.6293,61.2586,45.0464,63.5363,60.9266,15.4204,598.1077,626.2531,1224.3608
Masala Mill Industries,Year_44,42.4172,65.0309,72.0518,71.2205,56.4915,33.3588,58.7585,76.498,91.7217,36.7885,579.8155,451.3542,1031.1697
Masala Mill Industries,Year_45,21.4354,11.6299,82.0528,13.7506,10.4955,49.3296,97.1259,12.9199,45.6681,36.826,399.5498,510.3633,909.9131
Masala Mill Industries,Year_46,57.0019,88.4912,28.0135,17.6313,10.6898,63.4205,15.9908,69.2846,36.6693,38.8361,484.2108,250.5278,734.7386
Masala Mill Industries,Year_47,79.2994,93.8906,25.0734,74.4691,29.7162,16.5773,68.3486,57.9063,22.9123,24.7858,680.3318,790.7455,1471.0773
Masala Mill Industries,Year_48,29.4239,60.862,19.4111,16.4876,13.3049,66.0109,16.6695,19.2939,23.6301,80.4845,330.0692,599.8444,929.9136
Masala Mill Industries,Year_49,66.0601,72.6986,67.2787,16.4131,19.7223,98.306,43.7922,25.5271,48.9494,21.0248,531.0468,371.2424,902.2892
Masala Mill Industries,Year_50,17.6813,93.0249,73.5828,11.0898,40.4975,27.1097,82.3433,61.1177,63.6112,67.1416,535.096,551.485,1086.581
Coastal Catch Foods,Year_01,14.6514,73.6515,12.8428,96.0851,82.2327,81.3336,49.0125,36.6722,17.2554,21.1461,494.1218,265.6894,759.8112
Coastal Catch Foods,Year_02,57.8219,23.7285,94.2591,76.3758,61.4844,91.7109,99.7464,94.4484,94.5612,16.3482,733.0989,779.502,1512.6009
Coastal Catch Foods,Year_03,58.6572,61.866,14.6774,41.7926,56.1401,94.9331,60.3153,83.6866,77.962,91.8487,582.1959,304.871,887.0669
Coastal Catch Foods,Year_04,67.3687,64.6044,58.7167,36.6882,36.414,96.4122,38.9046,98.521,62.7962,27.1116,592.8669,588.8182,1181.6851
Coastal Catch Foods,Year_05,75.3482,48.1718,73.8154,41.4733,93.8578,56.9314,29.81,33.3704,84.5595,83.9125,657.8923,347.2727,1005.165
Coastal Catch Foods,Year_06,97.8267,76.28,88.3872,79.7188,45.7314,97.9577,41.5468,97.2751,17.2168,59.0168,902.5491,630.5368,1533.0859
Coastal Catch Foods,Year_07,56.467,94.093,74.2678,69.5234,17.8383,78.1579,43.528,48.811,52.9155,17.0071,682.5623,666.0928,1348.6551
Coastal Catch Foods,Year_08,39.0661,93.3012,82.1555,26.6676,65.536,24.5504,16.1842,41.2767,66.7084,95.9903,564.0856,604.0518,1168.1374
Coastal Catch Foods,Year_09,81.5668,50.5755,40.5505,25.6698,20.2455,52.921,43.2617,14.5315,84.5788,32.2265,560.6609,568.6997,1129.3606
Coastal Catch Foods,Year_10,34.3749,20.1914,83.3343,18.8556,41.0701,74.6498,51.7815,14.7489,80.5123,87.3681,451.67,735.4815,1187.1515
Coastal Catch Foods,Year_11,49.5074,98.6357,17.2103,69.4272,55.6671,32.2606,75.0464,72.281,34.9362,25.1929,607.258,247.176,854.434
Coastal Catch Foods,Year_12,17.0611,85.5008,90.5335,78.7935,88.68,67.6554,69.1057,51.2136,94.6792,86.8549,642.759,398.5489,1041.3079
Coastal Catch Foods,Year_13,12.2816,21.2196,59.2833,33.8542,54.4192,69.994,73.7889,30.3869,21.1911,11.1906,391.5385,348.9725,740.511
Coastal Catch Foods,Year_14,96.6384,92.8758,83.5568,11.885,73.2033,24.643,10.7527,65.2573,88.762,56.0602,758.4624,792.8084,1551.2708
Coastal Catch Foods,Year_15,85.2382,88.2907,50.7086,17.3955,99.3535,60.8577,29.5901,32.7572,97.3846,79.2498,675.2687,433.6339,1108.9026
Coastal Catch Foods,Year_16,72.6377,56.6954,67.922,97.1074,21.834,79.4464,69.5516,61.9869,25.9438,94.1316,732.1741,639.5676,1371.7417
Coastal Catch Foods,Year_17,46.8058,63.2148,57.3762,36.59,34.7258,54.9006,53.559,42.3288,74.9859,91.8282,527.1812,610.8351,1138.0163
Coastal Catch Foods,Year_18,25.5965,45.9102,75.8431,79.2301,45.5118,11.0893,10.4782,84.1197,13.6257,83.7662,441.8221,327.2487,769.0708
Coastal Catch Foods,Year_19,24.0793,14.9285,17.3467,66.2197,47.9645,10.8135,82.4045,83.8627,46.4881,89.9372,397.4745,343.3986,740.8731
Coastal Catch Foods,Year_20,32.5219,40.1678,15.4317,44.3746,46.9919,42.1326,79.5529,52.9615,56.4655,27.9298,407.7096,368.7707,776.4803
Coastal Catch Foods,Year_21,59.4304,82.2568,32.2393,28.5119,91.685,93.3575,59.3577,41.5737,62.2581,35.5766,661.2686,446.6764,1107.945
Coastal Catch Foods,Year_22,74.3136,10.4169,24.359,20.9248,74.2629,30.5809,15.9817,42.6304,94.2344,36.0072,431.7931,340.595,772.3881
Coastal Catch Foods,Year_23,69.4178,40.0149,88.4605,65.3512,64.7115,67.0927,78.9864,82.5143,70.5026,43.9349,704.8563,211.7909,916.6472
Coastal Catch Foods,Year_24,35.1941,45.8352,29.7293,79.717,37.8435,29.9868,62.5342,39.5362,53.315,45.3989,473.958,727.6358,1201.5938
Coastal Catch Foods,Year_25,95.9379,58.3656,97.8279,67.9514,84.1411,38.9503,80.3764,28.8153,82.8708,59.01,811.9345,779.3659,1591.3004
Coastal Catch Foods,Year_26,76.4107,92.787,40.3206,57.7272,95.9554,86.3238,77.6572,17.622,95.548,24.3892,700.0631,404.9422,1105.0053
Coastal Catch Foods,Year_27,59.8919,41.1711,26.3906,13.7756,83.9078,75.5975,82.2702,52.0024,11.986,72.2122,489.8674,403.1041,892.9715
Coastal Catch Foods,Year_28,65.0549,41.2258,81.0729,97.164,10.1409,18.5859,56.6207,53.3919,98.4269,25.081,636.8111,204.2551,841.0662
Coastal Catch Foods,Year_29,47.764,76.3751,69.2837,81.8843,67.2761,48.5832,22.6292,85.6818,17.7519,37.9278,634.8102,608.1504,1242.9606
Coastal Catch Foods,Year_30,32.2958,50.6996,54.8376,36.354,14.6022,12.6253,70.4042,29.9115,83.2948,55.3011,402.5567,695.2639,1097.8206
Coastal Catch Foods,Year_31,42.0375,30.2144,59.9827,98.1973,33.1846,53.2801,65.8426,44.2892,35.2301,81.6797,489.5532,287.965,777.5182
Coastal Catch Foods,Year_32,78.2061,50.7196,74.7282,64.1693,15.3572,69.6191,76.8028,82.7565,21.8962,76.5522,631.9167,295.7998,927.7165
Coastal Catch Foods,Year_33,11.2954,22.6771,30.5609,62.418,64.3416,20.6652,25.2893,84.1261,49.587,68.0981,286.921,674.0499,960.9709
Coastal Catch Foods,Year_34,20.4465,25.8748,99.6701,77.3266,71.7931,35.9996,27.5478,44.615,67.9561,24.0196,503.6095,569.7744,1073.3839
Coastal Catch Foods,Year_35,14.1402,54.8531,97.7314,83.0593,20.3039,45.8053,90.1369,51.3212,44.2857,59.2341,524.2195,226.9163,751.1358
Coastal Catch Foods,Year_36,13.6656,47.7033,68.5293,69.0831,44.5455,92.7578,77.498,37.2957,14.9109,17.8702,475.5805,573.5282,1049.1087
Coastal Catch Foods,Year_37,86.9915,92.3361,27.9588,21.5286,51.0613,99.393,91.7406,93.9299,63.9515,43.9627,727.7553,385.3506,1113.1059
Coastal Catch Foods,Year_38,73.3292,42.6155,71.2205,40.4441,43.2148,14.042,78.2844,20.6779,91.2163,47.2165,587.9308,421.2351,1009.1659
Coastal Catch Foods,Year_39,52.6756,62.253,16.4979,93.5275,20.8923,78.4907,63.744,94.0374,44.4894,13.583,642.7265,661.8389,1304.5654
Coastal Catch Foods,Year_40,18.8051,66.9038,12.7587,30.2154,47.7053,43.4552,68.8719,71.548,29.4699,34.6589,356.5354,686.5611,1043.0965
Coastal Catch Foods,Year_41,54.2454,11.1785,33.1915,43.495,77.606,45.3212,90.0215,57.8415,49.832,96.0085,524.095,440.214,964.309
Coastal Catch Foods,Year_42,52.6125,69.7184,51.6361,48.8869,16.3907,77.8838,62.0926,12.9393,14.3526,95.8269,565.7962,768.2918,1334.088
Coastal Catch Foods,Year_43,25.5882,26.0232,88.1445,49.5464,17.2162,92.6584,66.9152,52.8037,83.8439,41.7094,473.9682,443.8776,917.8458
Coastal Catch Foods,Year_44,49.0466,96.4963,75.4452,65.1646,41.9294,95.5836,24.0829,46.6973,84.3707,13.879,687.4959,663.1016,1350.5975
Coastal Catch Foods,Year_45,45.8654,23.3796,76.8436,94.8768,94.7553,61.941,52.6529,24.5097,62.92,26.1185,593.6046,490.3264,1083.931
Coastal Catch Foods,Year_46,65.4265,47.3162,48.2944,31.6623,70.1715,42.1409,74.4757,69.0769,41.7793,45.2996,580.9172,738.5194,1319.4366
Coastal Catch Foods,Year_47,67.1584,17.6815,41.1341,20.9351,71.0803,80.8794,34.3848,97.4036,81.9805,95.3002,578.4009,744.6567,1323.0576
Coastal Catch Foods,Year_48,14.0774,99.7187,43.3935,27.7723,42.5728,32.5901,28.2029,60.597,59.9218,22.7079,470.7497,252.4501,723.1998
Coastal Catch Foods,Year_49,43.7151,55.1976,98.8885,89.8232,63.4295,60.7667,38.2444,74.3278,84.3339,78.7164,690.0432,761.896,1451.9392
Coastal Catch Foods,Year_50,66.3274,63.5847,13.6098,68.123,10.9118,42.2721,31.7351,16.1605,66.8313,19.7814,477.863,695.3209,1173.1839
Himalayan Pantry,Year_01,55.2823,16.0369,88.0328,35.7316,67.2486,69.0968,29.3421,47.59,80.5965,98.3132,499.5735,674.7864,1174.3599
Himalayan Pantry,Year_02,87.0841,77.4964,62.0808,83.4352,92.1958,31.6359,48.2366,20.4723,63.8707,44.3455,742.2775,320.5468,1062.8243
Himalayan Pantry,Year_03,69.2824,28.8915,49.4754,87.5233,65.1316,27.2434,91.7055,65.1516,47.2727,79.7711,652.3843,683.0715,1335.4558
Himalayan Pantry,Year_04,24.6641,90.8249,75.2732,86.1863,88.6329,92.6415,55.6354,94.4634,96.2151,40.8332,678.3832,710.0796,1388.4628
Himalayan Pantry,Year_05,16.3512,28.4626,53.8002,92.7034,75.1576,19.1623,26.9128,69.56,58.7002,66.4902,417.389,373.4902,790.8792
Himalayan Pantry,Year_06,67.8177,27.1619,88.6081,32.7017,20.8503,55.5362,16.9275,16.9123,64.4581,27.2814,512.8635,771.356,1284.2195
Himalayan Pantry,Year_07,12.386,13.2895,91.0632,77.9538,91.2208,29.8768,72.6541,41.92,29.8439,23.1419,453.8561,229.9161,683.7722
Himalayan Pantry,Year_08,62.7198,52.486,47.9549,51.4486,15.9799,13.5037,44.4519,59.5597,66.3086,94.4258,481.2848,289.9456,771.2304
Himalayan Pantry,Year_09,94.6207,60.8357,34.9145,85.7799,58.0571,13.2417,83.9648,46.2887,61.4447,92.5883,676.5834,522.5487,1199.1321
Himalayan Pantry,Year_10,61.7927,15.9138,63.3115,75.5642,22.7923,25.77,69.356,85.028,26.6355,89.8722,482.6229,545.4755,1028.0984
Himalayan Pantry,Year_11,44.9353,79.7975,92.1127,79.8803,11.0536,88.0093,81.6617,83.3204,15.3628,66.289,654.6558,587.09,1241.7458
Himalayan Pantry,Year_12,67.8959,50.796,28.9596,69.0546,47.9831,35.4231,34.4751,65.0648,64.3923,82.7441,574.4638,210.1815,784.6453
Himalayan Pantry,Year_13,51.2428,57.1951,66.067,25.9686,36.5537,95.5413,72.3123,43.6112,78.7323,16.2133,541.379,776.2201,1317.5991
Himalayan Pantry,Year_14,59.1055,49.6686,66.8404,59.0524,53.74,62.346,33.7656,32.9803,57.1061,40.131,533.0505,226.7529,759.8034
Himalayan Pantry,Year_15,94.7318,46.0687,75.9802,98.6203,61.948,49.2953,94.5162,19.5287,30.4095,38.2333,738.5461,285.8372,1024.3833
Himalayan Pantry,Year_16,44.7492,60.3676,21.8411,94.3649,13.9365,62.208,67.2737,41.9408,69.987,67.2081,550.2039,208.4087,758.6126
Himalayan Pantry,Year_17,96.5072,23.9716,74.4242,13.8856,21.0703,56.5029,39.2061,47.1855,17.2095,42.0362,548.5821,540.1151,1088.6972
Himalayan Pantry,Year_18,91.4816,26.3735,91.8129,24.8333,60.2778,78.2899,34.2561,70.8241,49.765,23.3656,645.285,759.3601,1404.6451
Himalayan Pantry,Year_19,27.6212,87.5607,26.1715,21.8556,40.8851,35.4246,27.1834,69.2344,24.703,63.682,429.2825,599.5683,1028.8508
Himalayan Pantry,Year_20,16.2425,95.1504,31.3789,75.3382,75.6256,41.7745,72.5177,16.3097,26.6013,83.2946,476.1713,693.5945,1169.7658
Himalayan Pantry,Year_21,19.07,43.5978,97.4256,83.6007,68.7062,90.4685,29.6844,45.5733,28.2065,44.3911,584.3742,207.9687,792.3429
Himalayan Pantry,Year_22,11.64,34.367,26.2879,29.216,86.1044,95.1811,63.5773,26.3601,44.8036,21.9042,412.6572,525.2092,937.8664
Himalayan Pantry,Year_23,18.4999,67.96,86.8947,55.5267,72.3244,90.3302,33.8172,24.1131,14.6035,27.7019,541.6706,475.7378,1017.4084
Himalayan Pantry,Year_24,71.4706,46.7861,54.305,85.6633,48.6938,47.7503,69.5772,84.4572,45.8014,31.3735,683.1839,499.3808,1182.5647
Himalayan Pantry,Year_25,16.407,12.2848,32.2508,75.9521,70.567,80.2329,83.3446,13.7724,56.0537,36.9908,388.9021,243.3279,632.23
Himalayan Pantry,Year_26,38.7078,24.0537,88.3675,58.8013,34.7843,52.8702,80.0223,47.7265,53.4965,67.8516,557.7662,610.6612,1168.4274
Himalayan Pantry,Year_27,86.0388,74.4375,50.0775,63.1313,37.5682,54.7786,78.4766,25.1383,44.4506,64.0851,684.0298,501.9322,1185.962
Himalayan Pantry,Year_28,12.0945,69.3032,56.3336,55.7524,81.0087,28.4212,26.895,89.1397,85.5232,72.6472,491.5064,659.0893,1150.5957
Himalayan Pantry,Year_29,83.3022,12.4386,42.331,36.7794,50.1778,63.2017,17.9546,60.1336,23.0794,42.6252,504.639,491.1744,995.8134
Himalayan Pantry,Year_30,35.3669,29.9775,63.3656,60.852,81.8542,26.7522,72.9054,30.8243,55.5127,84.1598,500.6587,289.629,790.2877
Himalayan Pantry,Year_31,20.6348,30.7967,24.7171,71.9997,84.018,39.8408,43.1512,55.2185,15.5837,28.3679,449.6129,588.9542,1038.5671
Himalayan Pantry,Year_32,72.7063,70.4703,45.1973,88.5991,87.1806,86.9527,48.9112,75.8338,16.404,52.2137,698.787,303.4318,1002.2188
Himalayan Pantry,Year_33,66.6049,11.7739,97.2471,67.2662,92.4972,28.6368,12.8034,96.2306,61.6479,82.0845,595.7195,723.4367,1319.1562
Himalayan Pantry,Year_34,88.9725,19.3698,33.232,78.5009,48.7887,16.4042,33.3619,29.8401,60.9417,26.2143,568.6975,567.8697,1136.5672
Himalayan Pantry,Year_35,76.1564,81.9924,69.1063,24.4064,38.698,16.2107,13.0309,89.7564,89.023,19.8877,600.6631,294.3223,894.9854
Himalayan Pantry,Year_36,82.3133,26.069,39.2671,51.5402,62.3979,94.6706,89.1267,94.0874,60.2086,89.5316,682.5643,777.4028,1459.9671
Himalayan Pantry,Year_37,35.3831,68.7471,79.6126,10.8398,43.4055,55.6228,31.9057,92.4778,96.3812,40.8637,588.0801,511.0193,1099.0994
Himalayan Pantry,Year_38,25.9696,31.4365,21.7786,32.2011,64.0967,46.8471,60.1603,67.1873,14.3825,71.5483,367.5538,243.7391,611.2929
Himalayan Pantry,Year_39,77.5553,18.9497,97.2839,75.3816,73.5027,82.9791,13.5081,66.6839,18.8207,12.2814,688.6633,576.0997,1264.763
Himalayan Pantry,Year_40,82.6151,31.8855,50.8411,99.2629,71.9565,85.2243,70.0163,46.289,13.9659,72.1042,657.7026,351.9193,1009.6219
Himalayan Pantry,Year_41,99.1455,75.004,31.2445,18.926,43.7098,39.8972,39.0725,77.7158,26.6749,38.4491,644.7587,682.2161,1326.9748
Himalayan Pantry,Year_42,47.1356,87.0127,16.6147,46.1345,25.0174,72.4256,90.8127,57.8165,58.7143,15.0167,563.2044,690.6932,1253.8976
Himalayan Pantry,Year_43,43.4816,84.7198,25.2782,82.0064,48.7476,79.4011,89.9306,70.9694,68.1015,64.8831,651.5472,787.3684,1438.9156
Himalayan Pantry,Year_44,79.8772,45.7465,56.7797,28.3632,22.8335,68.9186,39.2762,48.5612,14.1027,31.6723,531.8233,501.1217,1032.945
Himalayan Pantry,Year_45,40.6723,70.1277,40.3303,59.9576,90.1087,23.6436,91.0865,75.8347,95.1374,44.8127,557.8998,472.9741,1030.8739
Himalayan Pantry,Year_46,93.7682,28.4486,84.5995,75.9764,41.129,88.8295,99.6542,84.2024,85.7949,17.2523,787.3402,652.0854,1439.4256
Himalayan Pantry,Year_47,87.2571,36.3833,48.7799,65.4387,23.9014,58.5185,84.2874,23.1793,36.6951,23.2447,543.1939,279.4824,822.6763
Himalayan Pantry,Year_48,48.6095,90.6702,32.3843,26.9222,12.2903,35.4225,86.0384,84.9637,16.9469,36.818,514.2356,528.1493,1042.3849
Himalayan Pantry,Year_49,77.5784,11.1702,65.543,41.9846,68.124,48.2705,32.4108,58.6267,25.2898,18.0784,572.8278,527.7486,1100.5764
Himalayan Pantry,Year_50,77.9089,17.6958,73.6099,80.5413,67.3212,13.3814,61.9032,86.0199,21.425,91.9744,625.8237,253.6839,879.5076
Tandoor Treats,Year_01,19.2811,28.7098,25.0338,59.8804,40.6544,21.508,16.053,48.8172,21.0955,10.5442,371.4292,450.7905,822.2197
Tandoor Treats,Year_02,91.2298,12.3879,25.0857,10.4707,16.4541,78.8992,18.5426,44.1136,56.6706,53.5474,481.1765,711.9709,1193.1474
Tandoor Treats,Year_03,55.4727,26.3292,13.3004,78.4892,46.8666,10.001,99.9003,92.3555,32.1263,21.0923,472.3028,713.6922,1185.995
Tandoor Treats,Year_04,84.3812,62.4737,76.2762,13.178,38.0096,47.4909,39.3975,32.6052,42.2326,37.6911,603.8822,259.5426,863.4248
Tandoor Treats,Year_05,38.8045,47.9282,69.7424,77.116,70.9409,57.0259,77.3366,85.9791,99.0555,93.3454,630.1779,254.4325,884.6104
Tandoor Treats,Year_06,90.5971,90.3405,52.7168,28.2233,64.5201,14.9171,82.5999,53.5619,71.5883,24.5525,655.2338,357.6173,1012.8511
Tandoor Treats,Year_07,45.0282,83.5699,85.9753,96.2266,42.8134,97.577,87.2221,56.2686,95.4083,96.9249,726.9121,724.8596,1451.7717
Tandoor Treats,Year_08,10.9754,40.7636,82.5103,43.1147,29.6103,30.3513,99.7865,37.7621,22.8301,28.5215,411.1602,277.3416,688.5018
Tandoor Treats,Year_09,91.4844,33.3481,62.6819,39.4238,98.9232,37.3779,31.7347,61.5738,44.3926,76.7409,582.4237,631.9981,1214.4218
Tandoor Treats,Year_10,18.2158,44.1723,88.1444,23.3999,50.8601,37.3548,13.6316,39.269,59.9259,59.201,418.3125,260.6994,679.0119
Tandoor Treats,Year_11,38.7382,63.1265,28.5257,37.5044,71.9447,30.7375,47.0072,13.5342,16.9082,89.6031,439.822,573.8827,1013.7047
Tandoor Treats,Year_12,95.5056,34.1257,20.0728,88.8986,22.6498,10.1326,21.7073,34.4799,10.3769,59.8594,472.1959,413.6404,885.8363
Tandoor Treats,Year_13,95.5546,66.1734,34.2775,99.6701,53.7031,75.641,12.0183,10.5741,70.3391,58.1103,709.2739,673.3484,1382.6223
Tandoor Treats,Year_14,61.6094,46.847,15.1378,43.1479,12.4783,97.0161,42.4384,98.0519,67.7638,27.5912,535.7836,340.2143,875.9979
Tandoor Treats,Year_15,66.8653,59.6842,57.8053,50.375,55.491,30.1864,80.5364,96.9172,46.971,24.9606,640.5025,583.5211,1224.0236
Tandoor Treats,Year_16,50.3601,49.2514,94.2945,74.9864,96.7616,69.6742,60.9563,45.564,54.068,92.484,680.5009,341.4095,1021.9104
Tandoor Treats,Year_17,36.389,36.5019,13.5409,89.7576,44.5786,76.7707,38.15,75.5534,47.3899,39.5054,494.4113,628.1962,1122.6075
Tandoor Treats,Year_18,39.5798,95.3608,20.9899,63.374,13.5096,86.3583,68.8908,41.1225,12.1605,43.4874,561.4844,724.2068,1285.6912
Tandoor Treats,Year_19,70.5267,78.7245,50.6979,45.2373,12.786,48.0366,30.8816,70.3984,40.1834,78.3841,591.7666,276.0811,867.8477
Tandoor Treats,Year_20,77.7137,22.6102,94.0488,47.136,44.9188,37.2638,11.2943,82.4887,25.9374,40.4941,555.0847,719.9574,1275.0421
Tandoor Treats,Year_21,81.2421,88.1621,38.454,72.6056,24.4022,39.2766,78.7918,95.2081,18.8582,95.6856,695.3906,556.1452,1251.5358
Tandoor Treats,Year_22,81.0656,53.8688,55.6511,10.2896,12.1017,74.1359,66.1369,46.0191,96.1048,76.4135,617.077,276.2663,893.3433
Tandoor Treats,Year_23,18.2085,90.5097,13.7416,65.763,78.0592,83.5102,78.6072,80.4968,63.9424,63.7686,553.0332,456.5251,1009.5583
Tandoor Treats,Year_24,54.4978,81.987,23.3509,41.9944,51.2671,26.3453,13.5044,33.9336,75.5791,89.2806,564.5153,296.5162,861.0315
Tandoor Treats,Year_25,15.1803,48.2692,98.7967,81.4778,36.032,43.3847,85.3408,99.1299,38.3827,14.4645,549.6289,620.2087,1169.8376
Tandoor Treats,Year_26,59.4576,12.0222,96.8607,18.3692,91.0075,91.1746,65.7574,12.3193,45.3832,33.1356,580.2337,655.3209,1235.5546
Tandoor Treats,Year_27,49.7377,34.181,10.4446,62.9382,20.4525,82.6024,60.7056,64.3176,31.3232,51.8533,437.4199,263.4779,700.8978
Tandoor Treats,Year_28,89.8934,58.7471,95.6631,53.2876,96.0327,98.6373,66.2153,69.3555,18.7269,30.4281,824.1837,503.6839,1327.8676
Tandoor Treats,Year_29,41.5824,67.013,67.5208,67.8093,38.257,77.8823,87.799,71.9241,26.1128,76.9515,569.0996,688.775,1257.8746
Tandoor Treats,Year_30,20.536,33.2099,88.1126,15.8368,89.9563,45.3876,62.8243,20.8349,81.7763,92.7287,455.2107,761.6978,1216.9085
Tandoor Treats,Year_31,22.8693,22.542,50.9266,62.1985,64.2649,63.1574,62.2855,94.4677,70.9791,48.1393,447.5054,508.1107,955.6161
Tandoor Treats,Year_32,78.536,85.1437,56.4036,60.5336,84.4037,69.4913,99.1611,26.3065,59.2236,40.7919,766.9415,770.1675,1537.109
Tandoor Treats,Year_33,65.6396,98.5962,53.9962,60.4594,98.5612,17.061,78.1057,66.0478,52.7581,96.5396,753.8145,521.4134,1275.2279
Tandoor Treats,Year_34,19.101,57.3121,70.0178,64.3139,35.9565,59.0047,49.8064,30.0408,93.0191,50.0367,517.2691,436.5143,953.7834
Tandoor Treats,Year_35,17.5696,25.4511,22.5686,70.8821,96.5022,73.8389,73.6657,37.6495,16.5461,54.0144,371.9396,708.9219,1080.8615
Tandoor Treats,Year_36,73.0872,34.5077,12.6976,82.449,45.0534,25.0589,45.0307,59.1813,35.2541,41.6485,575.4855,495.7896,1071.2751
Tandoor Treats,Year_37,16.5487,11.6552,37.7137,34.2839,44.6961,80.2569,30.5988,47.5474,41.4944,91.8594,338.773,483.1415,821.9145
Tandoor Treats,Year_38,83.9674,92.2869,73.4213,84.2544,40.6348,62.5396,63.7167,24.4203,80.4183,61.206,752.3745,494.1875,1246.562
Tandoor Treats,Year_39,73.5618,20.5976,28.1668,54.843,58.7267,95.7,93.5364,25.3843,99.3263,78.5957,591.7204,708.071,1299.7914
Tandoor Treats,Year_40,17.3214,61.8865,70.6089,16.9352,23.8731,13.818,93.6226,47.633,31.6603,83.0626,423.4627,699.1649,1122.6276
Tandoor Treats,Year_41,17.6354,34.665,97.2921,15.2696,59.834,33.8794,40.7715,78.1555,88.6877,40.7664,435.4303,442.112,877.5423
Tandoor Treats,Year_42,98.7976,59.876,18.4511,40.0814,58.7534,64.1398,57.491,90.8168,84.756,49.0325,677.3863,399.9799,1077.3662
Tandoor Treats,Year_43,43.6844,68.6278,70.5342,80.6407,78.5712,36.6904,29.0472,17.5715,30.2192,86.3625,571.9319,495.1568,1067.0887
Tandoor Treats,Year_44,43.3578,84.6768,49.9375,73.6913,85.0285,74.2982,99.6068,45.3794,45.9399,42.693,671.3526,543.6635,1215.0161
Tandoor Treats,Year_45,83.152,28.5779,88.1328,80.9753,49.6397,78.3105,98.3006,19.0221,46.8706,81.4542,689.4025,343.0023,1032.4048
Tandoor Treats,Year_46,95.2524,10.9896,25.9435,56.5542,37.21,19.2264,68.4558,11.4933,98.0399,94.6893,476.4317,676.3731,1152.8048
Tandoor Treats,Year_47,98.7401,22.3197,72.3363,49.6179,33.3401,56.2469,82.3973,69.5547,26.2803,66.0889,657.872,491.8897,1149.7617
Tandoor Treats,Year_48,77.804,91.0017,85.4304,23.2707,27.5161,55.8002,74.359,64.2204,81.9242,76.7465,728.3984,400.4273,1128.8257
Tandoor Treats,Year_49,43.8634,88.6501,95.0153,39.5373,15.1883,43.2353,63.3842,24.6717,40.0773,82.4588,601.92,264.0926,866.0126
Tandoor Treats,Year_50,17.5151,63.7672,71.4923,49.0617,40.8203,93.9632,14.8013,31.0432,75.7783,86.0536,517.3888,343.3071,860.6959
Banyan Bites Corp,Year_01,79.9432,64.0465,54.7457,17.974,34.3223,84.4756,50.9288,12.1337,47.801,45.5548,602.5081,769.5687,1372.0768
Banyan Bites Corp,Year_02,60.2564,69.8533,65.6063,29.8551,96.9776,72.7488,70.7308,85.1452,62.0524,14.6137,672.5584,383.0598,1055.6182
Banyan Bites Corp,Year_03,48.18,25.7834,88.2014,63.8403,60.1938,74.2894,70.9778,97.7222,84.9351,46.1689,654.2479,301.3156,955.5635
Banyan Bites Corp,Year_04,91.5719,92.2971,61.3549,76.2097,41.2549,51.5545,43.581,22.1914,82.3749,70.6381,704.9506,476.4037,1181.3543
Banyan Bites Corp,Year_05,20.0078,47.6893,12.7348,99.8513,62.2421,92.8895,94.7523,30.8328,87.9781,50.5315,496.4556,384.2526,880.7082
Banyan Bites Corp,Year_06,54.3363,44.4825,93.7854,93.9802,22.5277,72.5136,25.0621,88.1569,15.3656,77.4067,598.0748,221.0956,819.1704
Banyan Bites Corp,Year_07,11.0218,56.7026,72.0574,67.8309,49.9639,75.6083,55.0324,93.3817,72.2845,42.1284,571.0579,393.8871,964.945
Banyan Bites Corp,Year_08,52.1795,14.2269,70.8862,47.9123,66.3611,87.5522,72.1796,47.7665,22.5989,67.127,576.1922,526.4652,1102.6574
Banyan Bites Corp,Year_09,15.0673,24.9655,29.4108,67.256,54.0008,34.6664,72.7422,14.556,47.4237,26.7778,379.2207,531.0274,910.2481
Banyan Bites Corp,Year_10,20.6936,76.423,69.2997,80.7086,46.1601,82.6364,68.3775,13.5453,59.373,77.4432,611.11,413.9354,1025.0454
Banyan Bites Corp,Year_11,20.5774,17.4519,45.4478,20.6503,99.4464,27.5717,34.7759,61.6555,46.2466,59.1126,344.0943,468.3817,812.476
Banyan Bites Corp,Year_12,68.4289,64.2837,68.611,46.8914,89.2283,41.0808,24.0586,45.3606,56.7651,28.3658,648.7565,779.3108,1428.0673
Banyan Bites Corp,Year_13,77.144,32.0814,19.5934,85.5822,66.1065,40.2049,67.2346,12.5787,99.6874,36.272,575.8992,426.4091,1002.3083
Banyan Bites Corp,Year_14,62.5032,45.0366,69.2061,44.545,61.244,98.0673,63.9372,62.4927,22.1696,77.3748,654.8451,354.9361,1009.7812
Banyan Bites Corp,Year_15,96.5955,35.9824,99.9472,61.4685,65.8594,87.0884,26.142,11.0172,70.791,53.4341,726.3781,346.0802,1072.4583
Banyan Bites Corp,Year_16,43.7384,42.0105,14.3391,62.8992,28.1181,73.1053,73.4625,80.8635,45.6401,29.4428,471.3018,474.6588,945.9606
Banyan Bites Corp,Year_17,35.7141,74.7141,97.9457,26.6029,45.5624,75.4351,50.9655,37.579,21.9709,97.0544,592.9497,655.7121,1248.6618
Banyan Bites Corp,Year_18,88.1739,36.741,46.6217,42.6012,13.5514,60.5866,70.0985,13.6232,24.2863,74.3613,576.7294,323.5929,900.3223
Banyan Bites Corp,Year_19,30.1236,60.9764,88.3678,40.106,52.7991,95.2382,85.363,62.9517,95.4346,96.1421,600.5699,625.5777,1226.1476
Banyan Bites Corp,Year_20,96.69,52.8445,80.4147,12.3577,58.8722,54.6633,25.2756,45.7916,89.1641,48.4395,659.743,212.6899,872.4329
Banyan Bites Corp,Year_21,11.0939,69.7304,61.0315,12.1773,30.4975,44.2466,11.723,97.642,91.6338,52.759,380.287,451.3598,831.6468
Banyan Bites Corp,Year_22,97.2891,94.3147,76.4604,84.8527,96.7626,24.6732,80.1192,58.9779,99.2379,90.816,805.864,665.519,1471.383
Banyan Bites Corp,Year_23,13.8844,75.9315,89.0664,34.5764,91.8509,80.7585,64.8728,34.7715,28.7484,57.2544,583.1485,403.2398,986.3883
Banyan Bites Corp,Year_24,90.2029,29.3446,46.3726,56.6271,74.9929,76.1,72.9676,73.8495,41.9895,73.6551,688.6185,538.2423,1226.8608
Banyan Bites Corp,Year_25,57.4931,12.8065,39.433,36.8853,58.0048,44.592,85.4339,34.4343,70.2297,32.6956,481.3251,322.9875,804.3126
Banyan Bites Corp,Year_26,99.3668,33.6038,70.0834,94.6611,88.2972,12.2674,82.253,91.3819,53.5422,50.2054,706.4507,645.1972,1351.6479
Banyan Bites Corp,Year_27,16.6417,63.557,82.7061,33.3367,21.7587,85.5098,96.4828,43.725,47.6551,21.1105,506.7365,231.3675,738.104
Banyan Bites Corp,Year_28,59.8469,14.6283,78.6057,48.6691,81.1459,11.0276,58.2342,59.4882,42.203,28.5382,470.8154,711.5256,1182.341
Banyan Bites Corp,Year_29,97.2372,54.673,81.8032,88.5457,21.2339,73.333,53.9646,14.5516,63.4403,10.0849,774.9859,318.9178,1093.9037
Banyan Bites Corp,Year_30,57.0788,63.7159,49.2025,85.774,81.479,97.3231,46.1698,48.3509,61.8034,13.5339,647.3251,724.6388,1371.9639
Banyan Bites Corp,Year_31,66.6459,40.082,83.6051,26.7491,34.8191,49.3895,23.8322,84.9127,24.5312,97.9555,588.089,411.5175,999.6065
Banyan Bites Corp,Year_32,72.6174,79.3821,20.8188,82.2379,88.9382,31.1476,61.5347,82.5084,52.4566,31.8118,711.1662,633.6101,1344.7763
Banyan Bites Corp,Year_33,50.9087,19.5938,59.004,51.2368,94.9638,73.4384,34.9311,30.1887,59.8125,69.698,506.8993,391.5352,898.4345
Banyan Bites Corp,Year_34,66.4802,16.7624,10.5183,53.4672,23.3916,83.5415,92.9177,30.3471,61.3258,85.519,444.462,743.547,1188.009
Banyan Bites Corp,Year_35,62.5883,75.537,39.2127,22.0132,51.6408,59.1787,62.4872,83.5575,28.9096,59.5594,593.8774,275.9823,869.8597
Banyan Bites Corp,Year_36,91.1042,54.5942,42.9815,17.2541,98.2889,97.0332,63.3556,93.7359,76.8044,23.783,694.2721,307.1119,1001.384
Banyan Bites Corp,Year_37,14.0902,71.9562,45.6555,75.5145,53.5067,14.6502,41.9432,18.5825,12.2679,75.5305,437.2986,495.8181,933.1167
Banyan Bites Corp,Year_38,35.2867,49.1345,72.592,54.6815,87.7193,55.4316,14.679,50.5053,41.9349,64.0226,523.9101,249.1631,773.0732
Banyan Bites Corp,Year_39,95.537,32.1762,44.9702,49.3166,62.9858,74.6609,12.8569,40.3709,80.2191,75.8126,565.0331,317.5881,882.6212
Banyan Bites Corp,Year_40,90.1237,83.7192,50.3824,75.6557,43.7797,87.6376,48.1002,88.362,60.7504,79.2772,703.4412,766.2598,1469.701
Banyan Bites Corp,Year_41,51.0091,81.9474,31.379,78.8962,35.7205,26.133,17.6109,17.5172,33.5046,97.7869,521.5389,785.8938,1307.4327
Banyan Bites Corp,Year_42,65.8119,72.5227,43.5927,24.3017,28.2901,82.0003,64.6162,29.0013,72.5458,61.6207,561.3235,425.7556,987.0791
Banyan Bites Corp,Year_43,34.9643,34.4931,30.4543,64.9203,78.5618,59.7436,89.2876,77.7222,61.0652,40.7477,509.5228,753.9716,1263.4944
Banyan Bites Corp,Year_44,26.9309,63.1208,16.5876,22.1819,44.7886,45.6898,89.4623,14.6164,81.6619,68.3618,434.4774,526.8948,961.3722
Banyan Bites Corp,Year_45,51.7329,42.4877,64.3104,77.6238,56.0148,21.8544,69.3141,54.3282,76.1523,16.1597,613.0017,361.8455,974.8472
Banyan Bites Corp,Year_46,41.8017,18.2424,70.1392,69.126,54.3093,87.8766,29.0109,49.7896,64.9097,90.7658,514.9704,621.4392,1136.4096
Banyan Bites Corp,Year_47,62.5291,92.5582,65.7541,96.0953,61.9551,24.1546,87.6697,40.0961,53.936,20.7443,718.0373,595.3411,1313.3784
Banyan Bites Corp,Year_48,16.9961,22.3137,51.7145,16.2062,87.9019,37.8809,89.7484,45.5115,21.9864,39.5059,408.4598,793.4752,1201.935
Banyan Bites Corp,Year_49,97.6955,95.5214,44.1807,15.1349,98.2665,36.1041,27.6988,57.6947,33.52,83.4171,664.8836,359.0284,1023.912
Banyan Bites Corp,Year_50,98.759,50.1405,87.7,35.3968,46.6826,88.4273,76.3683,24.5231,47.719,63.7581,735.0824,603.2357,1338.3181
