Company_Name,Time_Period,Curriculum_Obsolescence_Risk_Index,Research_Funding_Index,Credential_Market_Value_Pct,RnD_Spend_Rs_L,Employee_Count,Collateral_STEM_Funding_Index,Marketing_Spend_Rs_L,Price_Index,Port_Disruption_Exposure_Index,Customer_Sentiment,Net_Profit_USD_Millions,Total_Cost_USD_Millions,Revenue_USD_Millions
EduNova Learning,Week_1,43.71,63.47,58.55,41.81,12.45,66.66,34.37,31.43,56.3,34.35,424.22,639.33,1063.55
EduNova Learning,Week_2,95.56,44.28,81.17,31.32,15.87,14.89,32.28,91.76,17.66,32.39,417.39,339.81,757.2
EduNova Learning,Week_3,75.88,97.29,38.69,80.25,51.75,77.38,15.63,52.13,59.4,94.79,610.73,687.89,1298.62
EduNova Learning,Week_4,63.88,85.79,66.33,34.73,91.83,38.58,51.3,51.97,44.2,36.84,661.87,553.06,1214.93
EduNova Learning,Week_5,24.04,85.45,89.74,84.04,58.48,10.01,75.95,78.45,64.64,79.8,713.14,326.46,1039.6
EduNova Learning,Week_6,24.04,52.18,65.43,48.14,54.8,56.0,64.61,23.9,44.99,45.38,570.26,342.03,912.29
EduNova Learning,Week_7,15.23,47.33,30.97,70.08,19.49,14.22,70.56,53.85,31.63,22.53,433.54,576.82,1010.36
EduNova Learning,Week_8,87.96,34.61,12.2,18.6,69.11,34.86,17.3,48.7,18.55,10.96,406.36,697.96,1104.32
EduNova Learning,Week_9,64.1,15.07,88.31,66.15,83.99,73.63,95.63,63.72,38.34,58.98,758.97,449.38,1208.35
EduNova Learning,Week_10,73.73,87.83,11.91,50.66,44.24,15.64,85.46,99.96,18.7,97.82,649.86,354.98,1004.84
EduNova Learning,Week_11,11.85,83.16,88.72,62.79,79.81,85.54,82.46,79.25,25.92,43.22,830.39,720.21,1550.6
EduNova Learning,Week_12,97.29,99.97,57.6,25.12,96.8,10.34,84.07,45.81,98.86,42.15,685.07,601.56,1286.63
EduNova Learning,Week_13,84.92,99.7,94.52,76.32,28.34,32.21,93.94,84.48,49.97,40.97,724.97,468.85,1193.82
EduNova Learning,Week_14,29.11,59.99,81.89,87.65,57.1,76.68,58.98,25.36,57.87,56.85,601.48,492.74,1094.22
EduNova Learning,Week_15,26.36,79.21,99.81,29.51,35.84,38.46,28.03,12.74,88.63,49.66,423.4,322.55,745.95
EduNova Learning,Week_16,26.51,95.03,41.56,18.61,81.36,19.17,65.51,28.4,99.6,89.19,596.17,576.08,1172.25
EduNova Learning,Week_17,37.38,86.47,79.05,12.13,61.98,42.42,76.86,40.64,62.44,55.5,596.62,415.25,1011.87
EduNova Learning,Week_18,57.23,32.26,46.17,67.78,67.11,34.34,76.41,55.95,83.12,55.7,599.84,797.39,1397.23
EduNova Learning,Week_19,48.88,50.55,53.19,64.64,81.81,85.84,56.93,65.36,39.42,22.45,648.54,488.11,1136.65
EduNova Learning,Week_20,36.21,21.62,66.48,59.2,45.64,38.2,16.16,91.95,37.52,98.45,509.45,491.53,1000.98
EduNova Learning,Week_21,65.07,95.86,88.63,30.88,92.36,81.0,43.4,55.89,46.24,32.5,723.23,539.51,1262.74
EduNova Learning,Week_22,22.55,64.56,98.57,45.18,57.97,90.27,92.87,55.11,70.53,16.6,683.91,750.05,1433.96
EduNova Learning,Week_23,36.29,30.58,79.14,63.5,24.22,49.04,62.6,14.52,71.4,69.68,456.73,680.49,1137.22
EduNova Learning,Week_24,42.97,70.45,47.6,54.71,72.63,91.89,58.45,13.14,38.37,63.58,578.9,470.68,1049.58
EduNova Learning,Week_25,51.05,65.63,47.92,98.9,81.39,43.96,34.2,59.6,21.99,47.36,615.65,631.22,1246.87
EduNova Learning,Week_26,80.67,42.23,76.38,22.28,38.51,96.77,43.16,49.44,66.92,48.0,550.12,551.74,1101.86
EduNova Learning,Week_27,27.97,20.22,31.49,72.56,87.15,18.04,90.58,85.53,21.55,80.66,692.51,495.42,1187.93
EduNova Learning,Week_28,56.28,70.44,19.94,46.39,91.55,71.83,69.98,24.46,62.06,27.61,704.27,315.39,1019.66
EduNova Learning,Week_29,63.32,56.83,41.92,48.54,34.92,54.44,80.86,12.25,72.41,83.82,518.66,478.36,997.02
EduNova Learning,Week_30,14.18,79.51,35.85,74.58,98.52,44.89,50.89,50.41,73.06,68.39,734.35,347.49,1081.84
EduNova Learning,Week_31,64.68,56.81,36.67,72.32,22.66,66.94,66.72,31.37,77.81,47.71,537.82,748.91,1286.73
EduNova Learning,Week_32,25.35,86.7,31.02,99.21,28.18,73.35,32.35,14.47,88.56,51.22,545.55,401.24,946.79
EduNova Learning,Week_33,15.85,59.67,13.79,21.56,26.58,10.39,73.49,75.21,55.0,33.1,469.83,771.36,1241.19
EduNova Learning,Week_34,95.4,60.48,11.61,19.37,90.46,25.03,48.48,20.04,75.72,77.69,557.63,519.83,1077.46
EduNova Learning,Week_35,96.91,88.9,98.9,75.19,68.89,74.17,49.83,64.75,65.73,56.16,714.18,578.93,1293.11
EduNova Learning,Week_36,82.76,46.31,48.5,62.05,23.69,69.97,68.44,35.29,26.8,38.88,479.01,525.76,1004.77
EduNova Learning,Week_37,37.42,22.06,44.59,34.67,49.63,96.94,94.27,25.61,12.31,63.64,571.62,277.63,849.25
EduNova Learning,Week_38,18.79,12.59,71.17,17.15,65.38,78.49,15.76,44.18,35.61,99.62,475.22,425.49,900.71
EduNova Learning,Week_39,71.58,77.96,29.64,17.71,17.51,95.57,84.23,82.13,49.87,49.17,596.62,259.49,856.11
EduNova Learning,Week_40,49.61,65.83,95.5,90.48,89.42,73.23,36.31,45.29,65.54,92.86,778.35,573.77,1352.12
EduNova Learning,Week_41,20.98,73.37,80.77,27.27,82.32,36.82,49.95,77.57,86.5,41.05,680.97,468.12,1149.09
EduNova Learning,Week_42,54.57,29.17,18.05,39.1,55.47,19.48,11.97,21.29,27.66,14.93,331.99,666.79,998.78
EduNova Learning,Week_43,13.09,22.27,47.58,30.4,97.04,80.36,37.09,79.55,21.3,28.38,568.75,332.28,901.03
EduNova Learning,Week_44,91.84,11.31,89.12,41.95,47.6,67.97,55.24,31.32,96.71,47.68,414.38,298.74,713.12
EduNova Learning,Week_45,33.29,41.55,95.03,16.25,98.57,14.34,15.06,70.97,19.72,29.77,548.13,443.8,991.93
EduNova Learning,Week_46,69.63,63.09,52.07,56.72,70.11,42.4,54.2,60.92,53.06,10.02,590.91,755.95,1346.86
EduNova Learning,Week_47,38.05,45.3,65.21,16.09,67.12,96.11,93.44,93.62,62.7,92.35,737.3,626.25,1363.55
EduNova Learning,Week_48,56.81,49.37,25.03,82.03,24.94,55.04,19.49,44.86,58.72,85.95,459.34,451.35,910.69
EduNova Learning,Week_49,59.2,91.37,99.21,31.03,89.37,48.95,78.8,15.95,17.74,76.81,677.51,510.36,1187.87
EduNova Learning,Week_50,26.64,41.34,30.85,58.6,48.47,51.19,46.87,11.72,15.13,25.1,450.23,250.53,700.76
EduNova Learning,Week_51,97.26,56.26,94.85,89.21,24.6,28.8,68.97,84.42,19.49,20.83,552.31,790.75,1343.06
EduNova Learning,Week_52,79.76,80.53,68.47,68.58,11.13,43.18,33.42,57.23,62.7,16.08,416.56,599.84,1016.4
BrightPath Academy,Week_1,94.55,45.69,64.7,57.97,60.38,43.28,24.35,79.77,58.99,75.16,605.16,371.24,976.4
BrightPath Academy,Week_2,90.53,65.99,56.14,39.19,57.47,14.71,24.44,31.1,31.04,93.59,467.31,551.49,1018.8
BrightPath Academy,Week_3,63.81,87.61,30.76,39.97,74.74,79.08,16.34,41.06,67.4,48.75,594.03,265.69,859.72
BrightPath Academy,Week_4,92.97,95.46,25.89,70.25,90.12,47.49,26.71,12.71,83.81,20.72,583.11,779.5,1362.61
BrightPath Academy,Week_5,17.96,23.24,29.84,99.47,17.15,84.0,69.78,96.53,13.74,56.12,546.86,304.87,851.73
BrightPath Academy,Week_6,27.64,93.39,26.78,69.57,75.83,86.53,89.35,70.11,54.83,41.39,788.56,588.82,1377.38
BrightPath Academy,Week_7,14.07,54.29,80.16,60.2,26.87,29.08,83.27,93.99,72.04,43.73,603.09,347.27,950.36
BrightPath Academy,Week_8,39.28,33.24,41.51,75.76,87.24,69.16,71.66,33.89,32.71,65.92,675.7,630.54,1306.24
BrightPath Academy,Week_9,44.98,51.32,15.21,51.87,83.72,52.51,19.94,65.03,37.7,74.68,582.56,666.09,1248.65
BrightPath Academy,Week_10,34.42,98.2,97.22,15.41,58.67,89.21,36.03,71.06,65.23,19.95,555.14,604.05,1159.19
BrightPath Academy,Week_11,84.59,54.34,89.54,60.61,73.92,29.42,37.88,38.58,90.81,13.2,543.52,568.7,1112.22
BrightPath Academy,Week_12,42.11,39.59,93.5,96.19,38.29,71.0,32.5,86.33,82.89,99.49,654.82,735.48,1390.3
BrightPath Academy,Week_13,35.28,67.01,99.54,25.78,52.41,64.7,56.35,95.24,62.48,30.95,617.58,247.18,864.76
BrightPath Academy,Week_14,58.84,31.61,25.65,72.1,83.95,36.58,58.2,89.64,75.72,14.84,653.73,398.55,1052.28
BrightPath Academy,Week_15,22.68,16.83,45.66,28.08,51.33,22.29,42.12,76.52,42.83,27.09,478.97,348.97,827.94
BrightPath Academy,Week_16,82.2,21.6,78.24,58.22,42.2,68.65,41.84,34.97,67.69,13.51,426.19,792.81,1219.0
BrightPath Academy,Week_17,16.71,21.52,72.64,18.7,54.48,76.47,84.57,35.35,51.96,45.26,491.22,433.63,924.85
BrightPath Academy,Week_18,98.82,23.67,23.85,50.53,84.54,38.41,81.04,96.7,27.09,82.22,702.28,639.57,1341.85
BrightPath Academy,Week_19,79.5,22.49,83.42,78.05,40.17,68.03,37.7,10.93,73.16,40.71,427.76,610.84,1038.6
BrightPath Academy,Week_20,27.88,67.68,30.2,41.28,25.64,45.56,92.24,74.44,60.08,49.98,550.97,327.25,878.22
BrightPath Academy,Week_21,10.5,26.37,30.14,69.84,74.08,74.19,95.75,73.56,42.28,70.8,718.04,343.4,1061.44
BrightPath Academy,Week_22,83.39,41.11,58.33,81.59,84.34,27.93,39.41,66.04,92.02,55.8,668.29,368.77,1037.06
BrightPath Academy,Week_23,73.62,90.71,63.36,93.45,19.06,90.12,41.9,99.11,11.88,87.53,635.87,446.68,1082.55
BrightPath Academy,Week_24,75.61,52.66,62.21,31.12,31.59,35.87,55.51,38.07,38.42,87.94,473.95,340.6,814.55
BrightPath Academy,Week_25,79.41,70.08,18.23,45.94,22.78,43.1,94.7,40.6,15.12,10.89,532.43,211.79,744.22
BrightPath Academy,Week_26,16.66,25.51,88.97,23.72,41.31,15.23,88.87,17.1,78.99,80.02,475.6,727.64,1203.24
BrightPath Academy,Week_27,42.26,27.31,33.9,99.32,50.53,20.04,19.23,49.85,73.19,51.47,485.09,779.37,1264.46
BrightPath Academy,Week_28,20.43,13.68,21.66,93.43,77.39,56.43,45.35,33.49,39.82,99.0,576.24,404.94,981.18
BrightPath Academy,Week_29,87.68,25.2,89.99,58.6,68.6,34.08,59.8,40.9,70.81,53.49,544.79,403.1,947.89
BrightPath Academy,Week_30,66.1,35.07,96.01,85.78,65.88,85.19,55.28,85.11,45.63,98.82,704.33,204.26,908.59
BrightPath Academy,Week_31,39.78,25.93,87.59,56.89,41.71,11.32,27.45,94.19,78.06,77.91,505.87,608.15,1114.02
BrightPath Academy,Week_32,15.72,17.98,82.86,66.12,85.73,44.12,87.29,26.72,50.88,32.37,635.41,695.26,1330.67
BrightPath Academy,Week_33,37.99,20.86,68.97,18.02,52.42,40.36,70.92,43.53,47.11,58.46,565.45,287.96,853.41
BrightPath Academy,Week_34,39.27,51.47,59.58,77.97,98.12,11.74,85.41,93.58,94.13,99.29,821.12,295.8,1116.92
BrightPath Academy,Week_35,75.66,28.57,17.83,21.49,67.07,21.19,87.29,15.56,32.58,87.18,504.46,674.05,1178.51
BrightPath Academy,Week_36,67.38,42.78,46.76,84.35,21.36,47.23,77.35,18.31,20.84,18.76,433.54,569.77,1003.31
BrightPath Academy,Week_37,89.85,55.31,43.54,80.38,70.86,54.36,49.53,24.65,62.61,73.57,615.42,226.92,842.34
BrightPath Academy,Week_38,52.5,72.14,33.38,73.79,39.26,46.39,64.95,63.57,97.24,41.1,611.03,573.53,1184.56
BrightPath Academy,Week_39,20.76,13.54,75.11,13.25,71.77,57.78,24.43,23.54,44.01,10.63,439.3,385.35,824.65
BrightPath Academy,Week_40,74.19,81.95,54.63,37.28,16.27,63.56,70.63,97.13,15.58,46.31,487.02,421.24,908.26
BrightPath Academy,Week_41,78.47,66.51,17.29,33.68,25.74,10.89,26.13,50.2,40.54,31.13,289.69,661.84,951.53
BrightPath Academy,Week_42,60.51,17.36,29.82,42.41,87.02,51.77,72.46,55.14,55.53,83.7,633.15,686.56,1319.71
BrightPath Academy,Week_43,79.39,88.62,71.49,17.89,30.45,96.71,30.66,32.2,24.57,40.36,482.21,440.21,922.42
BrightPath Academy,Week_44,54.44,92.88,16.85,94.33,85.33,56.71,20.58,52.39,69.23,84.48,649.01,768.29,1417.3
BrightPath Academy,Week_45,57.05,15.5,86.61,59.84,35.13,70.98,24.88,69.57,99.8,10.05,371.91,443.88,815.79
BrightPath Academy,Week_46,48.48,34.92,54.56,37.5,67.86,38.07,10.18,77.61,50.66,37.7,513.03,663.1,1176.13
BrightPath Academy,Week_47,12.29,82.56,53.25,45.73,72.47,79.66,74.69,77.85,41.93,31.7,721.85,490.33,1212.18
BrightPath Academy,Week_48,19.71,77.34,63.32,50.25,56.14,79.56,75.92,62.01,46.06,31.02,618.99,738.52,1357.51
BrightPath Academy,Week_49,12.83,26.61,84.22,64.05,37.48,56.92,56.34,91.39,20.36,16.14,498.39,744.66,1243.05
BrightPath Academy,Week_50,67.28,28.84,41.3,56.41,29.14,97.84,24.52,83.57,89.49,26.84,464.29,252.45,716.74
BrightPath Academy,Week_51,38.29,43.34,71.02,92.75,12.99,21.3,17.52,78.13,47.33,60.0,435.89,761.9,1197.79
BrightPath Academy,Week_52,55.77,53.61,60.92,54.73,37.36,11.53,11.72,15.0,44.85,36.22,320.01,695.32,1015.33
Scholarly Horizons,Week_1,91.68,65.64,34.03,99.29,68.78,79.31,24.92,10.62,69.37,47.57,581.03,674.79,1255.82
Scholarly Horizons,Week_2,32.44,43.2,89.08,86.63,94.45,82.64,90.18,29.12,49.78,43.92,662.31,320.55,982.86
Scholarly Horizons,Week_3,46.93,51.63,81.77,28.77,88.41,20.82,31.74,69.72,68.34,88.83,602.96,683.07,1286.03
Scholarly Horizons,Week_4,78.0,77.27,69.26,93.75,78.95,33.9,41.88,47.01,15.53,91.48,631.46,710.08,1341.54
Scholarly Horizons,Week_5,30.59,13.3,86.55,20.47,80.96,11.58,19.48,46.22,83.24,54.37,466.63,373.49,840.12
Scholarly Horizons,Week_6,16.93,32.72,88.06,83.57,69.85,36.4,30.01,89.61,94.65,39.71,614.38,771.36,1385.74
Scholarly Horizons,Week_7,36.08,74.2,73.75,44.26,33.43,79.58,56.73,90.6,68.39,19.61,619.21,229.92,849.13
Scholarly Horizons,Week_8,24.51,90.57,85.33,89.02,91.65,56.62,64.7,91.83,95.91,95.81,829.48,289.95,1119.43
Scholarly Horizons,Week_9,93.67,56.05,72.77,88.13,70.37,41.33,32.08,38.25,23.63,15.42,539.36,522.55,1061.91
Scholarly Horizons,Week_10,82.73,57.89,71.21,82.53,60.44,43.46,15.2,72.2,52.97,36.79,575.95,545.48,1121.43
Scholarly Horizons,Week_11,67.01,19.65,65.68,81.1,19.99,10.12,45.19,34.45,64.16,36.83,433.02,587.09,1020.11
Scholarly Horizons,Week_12,88.43,50.27,77.74,37.42,50.23,36.98,31.08,27.15,62.36,38.84,426.87,210.18,637.05
Scholarly Horizons,Week_13,82.33,57.94,24.27,17.28,51.43,68.18,29.76,26.62,46.13,24.79,431.14,776.22,1207.36
Scholarly Horizons,Week_14,26.79,31.82,89.28,46.27,87.81,97.68,96.39,40.79,40.43,80.48,683.59,226.75,910.34
Scholarly Horizons,Week_15,90.33,34.23,88.47,25.62,59.2,86.24,65.47,48.7,21.41,21.02,466.61,285.84,752.45
Scholarly Horizons,Week_16,58.54,43.96,12.63,72.55,44.24,12.12,60.12,84.79,45.26,67.14,588.58,208.41,796.99
Scholarly Horizons,Week_17,82.67,11.81,84.32,41.15,97.91,90.87,47.42,20.79,24.64,21.15,561.17,540.12,1101.29
Scholarly Horizons,Week_18,90.65,38.99,21.6,97.8,19.96,80.49,48.6,76.14,76.09,16.35,555.91,759.36,1315.27
Scholarly Horizons,Week_19,38.62,29.03,40.16,67.69,48.03,80.23,58.68,57.83,28.79,91.85,538.3,599.57,1137.87
Scholarly Horizons,Week_20,19.9,39.47,76.92,84.02,13.78,51.22,72.68,35.92,15.27,27.11,459.56,693.59,1153.15
Scholarly Horizons,Week_21,30.51,20.78,24.47,21.93,76.59,45.82,73.19,54.35,59.71,83.91,655.59,207.97,863.56
Scholarly Horizons,Week_22,48.44,90.15,83.62,87.58,92.63,37.26,25.45,36.99,63.57,59.02,687.74,525.21,1212.95
Scholarly Horizons,Week_23,83.62,63.42,84.89,93.05,35.2,15.91,55.01,63.65,88.47,17.01,561.33,475.74,1037.07
Scholarly Horizons,Week_24,87.47,71.12,55.67,53.84,87.25,30.54,47.08,49.05,61.93,95.99,672.61,499.38,1171.99
Scholarly Horizons,Week_25,10.63,81.03,10.57,64.56,36.3,32.19,88.35,24.8,41.09,32.23,480.93,243.33,724.26
Scholarly Horizons,Week_26,55.97,54.86,35.83,78.83,91.97,53.57,66.83,20.49,82.27,87.37,740.57,610.66,1351.23
Scholarly Horizons,Week_27,47.57,17.82,65.52,25.74,77.86,77.27,57.93,59.2,58.63,25.19,560.5,501.93,1062.43
Scholarly Horizons,Week_28,29.99,58.34,98.31,55.23,82.44,52.64,20.39,91.22,17.14,86.85,677.46,659.09,1336.55
Scholarly Horizons,Week_29,20.79,62.82,66.86,45.88,11.62,15.21,64.51,40.96,60.93,11.19,353.81,491.17,844.98
Scholarly Horizons,Week_30,40.39,77.09,33.38,23.17,96.65,96.2,20.55,75.97,91.72,56.06,664.28,289.63,953.91
Scholarly Horizons,Week_31,94.86,48.85,67.06,43.08,75.4,94.85,40.35,69.28,45.67,79.25,699.18,588.95,1288.13
Scholarly Horizons,Week_32,39.09,21.48,58.6,16.14,37.43,80.67,22.86,93.84,36.67,94.13,480.79,303.43,784.22
Scholarly Horizons,Week_33,56.69,35.54,80.19,12.32,84.65,99.22,72.29,83.89,22.91,91.83,762.23,723.44,1485.67
Scholarly Horizons,Week_34,73.27,42.68,19.63,22.16,35.34,59.0,28.56,60.99,23.63,83.77,432.89,567.87,1000.76
Scholarly Horizons,Week_35,42.73,68.13,78.49,96.68,88.55,96.65,45.27,69.13,48.95,89.94,735.74,294.32,1030.06
Scholarly Horizons,Week_36,97.46,61.37,58.71,59.46,20.13,16.8,90.61,90.85,63.61,27.93,596.02,777.4,1373.42
Scholarly Horizons,Week_37,96.62,42.05,96.67,96.92,73.33,42.91,28.39,45.96,17.26,35.58,544.58,511.02,1055.6
Scholarly Horizons,Week_38,32.66,98.79,40.77,48.92,58.66,30.28,55.7,39.41,94.56,36.01,615.14,243.74,858.88
Scholarly Horizons,Week_39,54.75,64.52,66.94,38.06,18.69,27.62,47.73,10.97,77.96,43.93,381.0,576.1,957.1
Scholarly Horizons,Week_40,37.08,31.35,93.88,55.55,31.77,22.67,11.63,84.39,62.8,45.4,389.66,351.92,741.58
Scholarly Horizons,Week_41,35.64,19.16,19.23,49.56,11.12,66.02,81.35,82.09,84.56,59.01,519.22,682.22,1201.44
Scholarly Horizons,Week_42,13.32,23.76,94.35,19.51,52.19,80.32,16.21,19.4,17.22,24.39,431.34,690.69,1122.03
Scholarly Horizons,Week_43,64.86,32.14,71.91,67.67,37.11,62.05,52.68,61.92,52.92,72.21,557.16,787.37,1344.53
Scholarly Horizons,Week_44,55.24,24.46,16.11,29.44,63.85,23.23,60.46,51.76,66.71,25.08,490.26,501.12,991.38
Scholarly Horizons,Week_45,14.63,26.79,37.09,65.76,36.75,83.0,66.56,20.68,84.58,37.93,526.6,472.97,999.57
Scholarly Horizons,Week_46,35.08,35.66,73.74,68.52,36.99,67.24,71.98,98.25,80.51,55.3,649.32,652.09,1301.41
Scholarly Horizons,Week_47,91.74,25.6,16.06,23.68,76.89,44.93,32.79,29.32,34.94,81.68,486.71,279.48,766.19
Scholarly Horizons,Week_48,31.56,90.71,62.4,15.52,14.33,70.67,10.9,16.05,94.68,76.55,350.2,528.15,878.35
Scholarly Horizons,Week_49,23.04,17.22,41.13,80.27,91.26,33.39,75.11,63.54,21.19,68.1,682.17,527.75,1209.92
Scholarly Horizons,Week_50,54.05,57.21,65.88,51.38,86.7,41.07,58.21,76.5,88.76,24.02,718.53,253.68,972.21
Scholarly Horizons,Week_51,98.71,46.94,14.12,15.23,70.1,92.57,85.25,12.92,97.38,59.23,577.03,450.79,1027.82
Scholarly Horizons,Week_52,31.78,98.41,88.44,99.54,63.39,36.15,83.92,69.28,25.94,17.87,767.44,711.97,1479.41
KnowledgeBridge Ltd,Week_1,70.49,20.08,97.61,15.2,90.31,52.3,85.9,57.91,74.99,43.96,661.25,713.69,1374.94
KnowledgeBridge Ltd,Week_2,78.55,45.81,97.2,72.55,26.68,90.11,53.66,19.29,13.63,47.22,439.56,259.54,699.1
KnowledgeBridge Ltd,Week_3,31.39,97.25,77.47,98.53,17.11,73.69,40.03,25.53,46.49,13.58,516.64,254.43,771.07
KnowledgeBridge Ltd,Week_4,75.54,87.9,21.71,31.53,31.56,15.6,81.24,61.12,56.47,34.66,522.99,357.62,880.61
KnowledgeBridge Ltd,Week_5,43.1,83.54,78.24,22.8,81.51,23.26,50.62,36.67,62.26,96.01,652.45,724.86,1377.31
KnowledgeBridge Ltd,Week_6,66.91,33.21,12.21,20.92,13.12,10.71,26.51,94.45,94.23,95.83,403.26,277.34,680.6
KnowledgeBridge Ltd,Week_7,67.02,25.38,11.99,37.29,62.45,66.78,86.95,83.69,70.5,41.71,638.09,632.0,1270.09
KnowledgeBridge Ltd,Week_8,58.22,70.18,39.12,19.09,99.59,50.29,89.43,98.52,53.32,13.88,784.1,260.7,1044.8
KnowledgeBridge Ltd,Week_9,18.13,93.64,53.98,72.29,87.01,22.08,51.97,33.37,82.87,26.12,665.51,573.88,1239.39
KnowledgeBridge Ltd,Week_10,85.18,60.11,79.34,15.61,56.93,96.21,16.81,97.28,95.55,45.3,538.01,413.64,951.65
KnowledgeBridge Ltd,Week_11,38.87,61.45,71.5,55.85,15.73,57.67,44.9,48.81,11.99,95.3,432.74,673.35,1106.09
KnowledgeBridge Ltd,Week_12,26.79,35.2,50.13,99.7,84.82,31.77,82.32,41.28,98.43,22.71,714.5,340.21,1054.71
KnowledgeBridge Ltd,Week_13,13.67,79.25,34.63,83.26,63.91,55.05,91.16,14.53,17.75,78.72,651.24,583.52,1234.76
KnowledgeBridge Ltd,Week_14,63.18,26.83,99.74,65.37,20.34,71.17,28.31,14.75,83.29,19.78,352.22,341.41,693.63
KnowledgeBridge Ltd,Week_15,70.98,39.13,48.36,37.56,18.45,16.86,16.03,72.28,35.23,98.31,345.27,628.2,973.47
KnowledgeBridge Ltd,Week_16,11.49,48.29,50.62,66.15,91.87,34.72,88.96,51.21,21.9,44.35,661.65,724.21,1385.86
KnowledgeBridge Ltd,Week_17,56.09,55.68,24.73,57.43,70.23,82.63,45.05,30.39,49.59,79.77,534.03,276.08,810.11
KnowledgeBridge Ltd,Week_18,30.38,31.82,81.53,48.35,84.64,51.37,58.76,65.26,67.96,40.83,643.77,719.96,1363.73
KnowledgeBridge Ltd,Week_19,68.07,20.34,72.43,21.76,89.11,59.19,97.13,32.76,44.29,66.49,630.54,556.15,1186.69
KnowledgeBridge Ltd,Week_20,25.69,64.96,29.87,89.79,61.46,48.95,15.99,61.99,14.91,27.28,501.12,276.27,777.39
KnowledgeBridge Ltd,Week_21,72.18,35.98,17.41,50.48,56.57,13.95,68.35,42.33,63.95,23.14,495.43,456.53,951.96
KnowledgeBridge Ltd,Week_22,44.81,62.31,71.24,27.52,48.74,24.92,16.67,84.12,91.22,94.43,554.0,296.52,850.52
KnowledgeBridge Ltd,Week_23,94.31,23.89,68.91,43.1,38.53,50.1,43.79,83.86,44.49,92.59,591.01,620.21,1211.22
KnowledgeBridge Ltd,Week_24,22.38,53.3,34.59,47.27,49.11,28.83,82.34,52.96,29.47,89.87,537.23,655.32,1192.55
KnowledgeBridge Ltd,Week_25,40.7,57.93,95.58,84.48,79.65,14.5,49.01,41.57,49.83,66.29,666.01,263.48,929.49
KnowledgeBridge Ltd,Week_26,20.21,14.66,23.6,76.03,64.17,85.93,99.75,42.63,14.35,82.74,680.49,503.68,1184.17
KnowledgeBridge Ltd,Week_27,93.22,40.29,48.91,79.24,90.33,98.31,60.32,82.51,83.84,16.21,727.03,688.78,1415.81
KnowledgeBridge Ltd,Week_28,88.96,22.1,94.93,10.99,49.9,81.38,38.9,39.54,84.37,40.13,471.54,761.7,1233.24
KnowledgeBridge Ltd,Week_29,33.21,15.7,47.78,47.45,64.64,86.84,29.81,28.82,62.92,38.23,466.0,508.11,974.11
KnowledgeBridge Ltd,Week_30,69.4,99.1,67.47,53.32,66.82,31.78,41.55,17.62,41.78,67.21,573.03,770.17,1343.2
KnowledgeBridge Ltd,Week_31,83.55,39.01,45.78,11.73,63.25,96.46,43.53,52.0,81.98,42.04,592.27,521.41,1113.68
KnowledgeBridge Ltd,Week_32,59.97,82.89,34.68,33.38,73.24,27.72,16.18,53.39,59.92,23.37,536.88,436.51,973.39
KnowledgeBridge Ltd,Week_33,57.67,32.92,98.56,78.43,31.37,95.63,43.26,85.68,84.33,63.68,617.09,708.92,1326.01
KnowledgeBridge Ltd,Week_34,31.77,71.34,46.84,22.34,56.11,99.53,51.78,29.91,66.83,83.29,570.01,495.79,1065.8
KnowledgeBridge Ltd,Week_35,18.38,78.42,90.47,58.18,19.38,74.06,75.05,44.29,80.6,44.39,519.36,483.14,1002.5
KnowledgeBridge Ltd,Week_36,90.75,63.61,30.7,29.37,44.61,98.3,69.11,82.76,63.87,21.9,603.52,494.19,1097.71
KnowledgeBridge Ltd,Week_37,91.04,52.44,29.18,11.09,53.89,61.26,73.79,84.13,47.27,27.7,615.52,708.07,1323.59
KnowledgeBridge Ltd,Week_38,66.98,47.07,12.8,31.71,68.7,33.36,10.75,44.61,96.22,31.37,414.74,699.16,1113.9
KnowledgeBridge Ltd,Week_39,40.51,41.4,68.65,97.83,95.55,49.33,29.59,51.32,58.7,36.99,619.38,442.11,1061.49
KnowledgeBridge Ltd,Week_40,41.43,93.66,43.17,82.14,64.06,63.42,69.55,37.3,64.46,67.85,695.82,399.98,1095.8
KnowledgeBridge Ltd,Week_41,75.34,84.76,87.79,96.36,76.92,16.58,53.56,93.93,29.84,64.09,712.9,495.16,1208.06
KnowledgeBridge Ltd,Week_42,90.74,96.85,52.59,53.91,55.56,66.01,10.48,20.68,66.31,72.65,498.85,543.66,1042.51
KnowledgeBridge Ltd,Week_43,89.84,21.19,97.14,19.88,67.07,98.31,82.4,94.04,61.44,42.63,671.41,343.0,1014.41
KnowledgeBridge Ltd,Week_44,80.19,75.78,26.7,59.32,16.38,27.11,79.55,71.55,26.64,84.16,505.96,676.37,1182.33
KnowledgeBridge Ltd,Week_45,67.78,94.45,88.18,50.89,32.9,81.33,59.36,57.84,15.36,28.37,536.49,491.89,1028.38
KnowledgeBridge Ltd,Week_46,17.57,26.31,79.89,85.99,42.57,91.71,15.98,12.94,64.39,52.21,467.86,400.43,868.29
KnowledgeBridge Ltd,Week_47,24.55,15.98,79.38,18.83,52.52,94.93,78.99,52.8,78.73,82.08,558.57,264.09,822.66
KnowledgeBridge Ltd,Week_48,90.87,76.7,86.03,53.94,14.11,96.41,62.53,46.7,57.11,26.21,468.59,343.31,811.9
KnowledgeBridge Ltd,Week_49,64.58,61.7,78.49,23.5,22.6,56.93,80.38,24.51,30.41,19.89,419.33,769.57,1188.9
KnowledgeBridge Ltd,Week_50,10.83,85.76,66.36,39.22,34.91,97.96,77.66,69.08,69.99,89.53,697.7,383.06,1080.76
KnowledgeBridge Ltd,Week_51,19.13,22.58,21.81,76.36,97.44,78.16,82.27,97.4,17.21,40.86,761.1,301.32,1062.42
KnowledgeBridge Ltd,Week_52,69.72,81.57,12.93,52.84,39.82,24.55,56.62,60.6,49.77,71.55,535.61,476.4,1012.01
Aspire Minds Education,Week_1,10.46,28.15,92.88,43.83,53.38,52.92,22.63,74.33,24.7,12.28,466.44,384.25,850.69
Aspire Minds Education,Week_2,24.47,24.73,65.5,45.5,27.65,74.65,70.4,16.16,26.6,72.1,391.57,221.1,612.67
Aspire Minds Education,Week_3,59.39,24.78,81.69,51.35,64.97,32.26,65.84,47.59,28.21,38.45,552.59,393.89,946.48
Aspire Minds Education,Week_4,72.27,83.31,53.34,80.65,35.26,67.66,76.8,20.47,44.8,15.02,559.33,526.47,1085.8
Aspire Minds Education,Week_5,68.68,69.87,20.56,90.29,28.63,69.99,25.29,65.15,14.6,64.88,497.28,531.03,1028.31
Aspire Minds Education,Week_6,30.18,57.08,21.27,95.98,56.49,24.64,27.55,94.46,45.8,31.67,609.62,413.94,1023.56
Aspire Minds Education,Week_7,74.1,42.29,71.7,80.82,10.5,60.86,90.14,69.56,56.05,44.81,522.27,468.38,990.65
Aspire Minds Education,Week_8,31.35,88.95,48.73,38.39,10.69,79.45,77.5,16.91,53.5,17.25,489.69,779.31,1269.0
Aspire Minds Education,Week_9,39.29,45.32,28.05,71.93,29.72,54.9,91.74,41.92,44.45,23.24,530.03,426.41,956.44
Aspire Minds Education,Week_10,77.18,83.49,54.24,49.38,13.3,11.09,78.28,59.56,85.52,36.82,499.33,354.94,854.27
Aspire Minds Education,Week_11,68.47,49.52,15.78,32.92,19.72,10.81,63.74,46.29,23.08,18.08,366.75,346.08,712.83
Aspire Minds Education,Week_12,86.43,43.92,62.38,85.68,40.5,42.13,68.87,85.03,55.51,91.97,640.58,474.66,1115.24
Aspire Minds Education,Week_13,69.19,51.64,34.21,13.46,82.23,93.36,90.02,83.32,15.58,10.54,721.21,655.71,1376.92
Aspire Minds Education,Week_14,61.15,37.12,81.78,91.16,61.48,30.58,62.09,65.06,16.4,53.55,573.46,323.59,897.05
Aspire Minds Education,Week_15,18.43,77.28,37.93,51.53,56.14,67.09,66.92,43.61,61.65,21.09,569.48,625.58,1195.06
Aspire Minds Education,Week_16,43.09,55.24,50.97,67.35,36.41,29.99,24.08,32.98,60.94,37.69,452.0,212.69,664.69
Aspire Minds Education,Week_17,33.87,30.9,11.05,69.34,93.86,38.95,52.65,19.53,89.02,93.35,610.37,451.36,1061.73
Aspire Minds Education,Week_18,31.96,90.96,16.52,90.56,45.73,86.32,74.48,41.94,60.21,24.55,668.48,665.52,1334.0
Aspire Minds Education,Week_19,97.57,44.55,45.32,67.3,17.84,75.6,34.38,47.19,96.38,96.92,542.69,403.24,945.93
Aspire Minds Education,Week_20,45.38,58.92,53.19,65.25,65.54,18.59,28.2,70.82,14.38,28.52,515.84,538.24,1054.08
Aspire Minds Education,Week_21,90.28,91.58,64.0,16.0,20.25,48.58,38.24,69.23,18.82,76.74,494.89,322.99,817.88
Aspire Minds Education,Week_22,66.8,66.18,36.25,56.66,41.07,12.63,31.74,16.31,13.97,59.2,363.34,645.2,1008.54
Aspire Minds Education,Week_23,81.53,20.52,72.55,23.52,55.67,53.28,29.34,45.57,26.67,89.6,482.71,231.37,714.08
Aspire Minds Education,Week_24,55.24,94.58,87.41,76.37,88.68,69.62,48.24,26.36,58.71,59.86,714.83,711.53,1426.36
Aspire Minds Education,Week_25,61.92,66.49,80.19,56.1,54.42,20.67,91.71,24.11,68.1,58.11,613.57,318.92,932.49
Aspire Minds Education,Week_26,54.33,40.14,13.57,71.22,73.2,36.0,55.64,84.46,14.1,27.59,583.74,724.64,1308.38
Aspire Minds Education,Week_27,27.57,22.53,53.25,13.75,99.35,45.81,26.91,13.77,95.14,24.96,445.97,411.52,857.49
Aspire Minds Education,Week_28,75.02,81.46,19.44,17.63,21.83,92.76,16.93,47.73,85.79,92.48,479.17,633.61,1112.78
Aspire Minds Education,Week_29,35.27,65.81,31.78,74.47,34.73,99.39,72.65,25.14,36.7,39.51,488.83,391.54,880.37
Aspire Minds Education,Week_30,12.19,58.01,98.8,16.49,45.51,14.04,44.45,89.14,16.95,43.49,492.97,743.55,1236.52
Aspire Minds Education,Week_31,68.09,90.45,22.82,16.41,47.96,78.49,83.96,60.13,25.29,78.38,661.18,275.98,937.16
Aspire Minds Education,Week_32,25.94,80.97,54.9,11.09,46.99,43.46,69.36,30.82,21.42,40.49,502.26,307.11,809.37
Aspire Minds Education,Week_33,94.64,23.65,65.63,96.09,91.68,45.32,81.66,55.22,21.1,95.69,793.76,495.82,1289.58
Aspire Minds Education,Week_34,95.85,38.05,73.22,76.38,74.26,77.88,34.48,75.83,56.67,76.41,695.21,249.16,944.37
Aspire Minds Education,Week_35,92.34,32.36,60.37,41.79,64.71,92.66,72.31,96.23,32.13,63.77,663.18,317.59,980.77
Aspire Minds Education,Week_36,43.31,76.96,10.88,36.69,37.84,95.58,33.77,29.84,42.23,89.28,500.91,766.26,1267.17
Aspire Minds Education,Week_37,11.39,13.02,39.38,41.47,84.14,61.94,94.52,89.76,99.06,14.46,708.64,785.89,1494.53
Aspire Minds Education,Week_38,93.55,61.29,56.59,79.72,95.96,42.14,67.27,94.09,71.59,33.14,736.79,425.76,1162.55
Aspire Minds Education,Week_39,48.54,78.62,17.91,69.52,83.91,80.88,39.21,92.48,95.41,51.85,725.57,753.97,1479.54
Aspire Minds Education,Week_40,97.0,88.91,41.56,26.67,10.14,32.59,34.26,67.19,22.83,30.43,377.61,526.89,904.5
Aspire Minds Education,Week_41,96.73,40.79,12.99,25.67,67.28,60.77,27.18,66.68,44.39,76.95,472.7,361.85,834.55
Aspire Minds Education,Week_42,86.77,83.91,17.07,18.86,14.6,42.27,72.52,46.29,59.93,92.73,494.18,621.44,1115.62
Aspire Minds Education,Week_43,36.5,19.96,45.72,69.43,33.18,69.1,29.68,77.72,16.91,48.14,456.65,595.34,1051.99
Aspire Minds Education,Week_44,44.66,86.18,21.94,78.79,15.36,31.64,63.58,57.82,10.38,40.79,440.29,793.48,1233.77
Aspire Minds Education,Week_45,86.6,21.47,61.08,33.85,64.34,27.24,33.82,70.97,70.34,96.54,555.66,359.03,914.69
Aspire Minds Education,Week_46,38.52,45.76,72.05,11.89,71.79,92.64,69.58,48.56,67.76,50.04,644.83,603.24,1248.07
Aspire Minds Education,Week_47,25.25,81.76,82.05,17.4,20.3,19.16,83.34,75.83,46.97,54.01,542.15,231.21,773.36
Aspire Minds Education,Week_48,60.11,23.49,28.01,97.11,44.55,55.54,80.02,84.2,54.07,41.65,615.21,268.19,883.4
Aspire Minds Education,Week_49,94.25,30.63,25.07,36.59,51.06,29.88,78.48,23.18,47.39,91.86,524.4,202.35,726.75
Aspire Minds Education,Week_50,72.64,75.0,19.41,79.23,43.21,13.5,26.9,84.96,12.16,61.21,547.73,799.68,1347.41
Aspire Minds Education,Week_51,61.31,74.8,67.28,66.22,20.89,13.24,17.95,58.63,40.18,78.6,447.76,681.36,1129.12
Aspire Minds Education,Week_52,18.75,67.7,73.58,44.37,47.71,25.77,72.91,86.02,25.94,83.06,603.75,672.03,1275.78
LumenLearn Systems,Week_1,65.35,72.46,12.84,28.51,77.61,88.01,43.15,48.82,18.86,40.77,596.42,505.84,1102.26
LumenLearn Systems,Week_2,99.1,58.85,94.26,20.92,16.39,35.42,48.91,44.11,96.1,49.03,464.86,380.04,844.9
LumenLearn Systems,Week_3,22.61,32.66,14.68,65.35,17.22,95.54,12.8,92.36,63.94,86.36,467.97,290.76,758.73
LumenLearn Systems,Week_4,56.65,41.11,58.72,79.72,41.93,62.35,33.36,32.61,75.58,42.69,549.33,370.8,920.13
LumenLearn Systems,Week_5,88.96,26.34,73.82,67.95,94.76,49.3,13.03,85.98,38.38,81.45,629.85,425.58,1055.43
LumenLearn Systems,Week_6,76.67,91.76,88.39,57.73,70.17,62.21,89.13,53.56,45.38,94.69,764.3,653.79,1418.09
LumenLearn Systems,Week_7,72.73,62.51,74.27,13.78,71.08,56.5,31.91,56.27,31.32,66.09,531.76,523.8,1055.56
LumenLearn Systems,Week_8,73.22,46.08,82.16,97.16,42.57,78.29,60.16,37.76,18.73,76.75,589.4,246.49,835.89
LumenLearn Systems,Week_9,42.35,51.58,40.55,81.88,63.43,35.42,13.51,61.57,26.11,82.46,490.73,210.82,701.55
LumenLearn Systems,Week_10,36.42,95.26,83.33,36.35,10.91,41.77,70.02,39.27,81.78,86.05,508.22,261.4,769.62
LumenLearn Systems,Week_11,82.84,23.8,17.21,98.2,67.25,90.47,39.07,13.53,70.98,45.55,511.11,446.3,957.41
LumenLearn Systems,Week_12,82.91,62.76,90.53,64.17,92.2,95.18,90.81,34.48,59.22,14.61,750.8,759.92,1510.72
LumenLearn Systems,Week_13,88.04,55.53,59.28,62.42,65.13,90.33,89.93,10.57,52.76,46.17,661.23,582.44,1243.67
LumenLearn Systems,Week_14,92.19,65.03,83.56,77.33,88.63,47.75,39.28,98.05,93.02,70.64,791.05,681.1,1472.15
LumenLearn Systems,Week_15,56.02,11.63,50.71,83.06,75.16,80.23,91.09,96.92,16.55,50.53,661.17,479.82,1140.99
LumenLearn Systems,Week_16,55.14,88.49,67.92,69.08,20.85,52.87,99.65,45.56,35.25,77.41,675.04,417.0,1092.04
LumenLearn Systems,Week_17,81.85,93.89,57.38,21.53,91.22,54.78,84.29,75.55,41.49,42.13,765.67,265.04,1030.71
LumenLearn Systems,Week_18,68.5,60.86,75.84,40.44,15.98,28.42,86.04,41.12,80.42,67.13,482.57,725.56,1208.13
LumenLearn Systems,Week_19,73.18,72.7,17.35,93.53,58.06,63.2,32.41,70.4,99.33,26.78,630.34,669.9,1300.24
LumenLearn Systems,Week_20,81.62,93.02,15.43,30.22,22.79,26.75,61.9,82.49,31.66,77.44,539.9,300.87,840.77
LumenLearn Systems,Week_21,90.1,73.65,32.24,43.5,11.05,39.84,16.05,95.21,88.69,59.11,440.69,507.36,948.05
LumenLearn Systems,Week_22,40.42,23.73,24.36,48.89,47.98,86.95,18.54,46.02,84.76,28.37,454.36,492.42,946.78
LumenLearn Systems,Week_23,43.8,61.87,88.46,49.55,36.55,28.64,99.9,80.5,30.22,36.27,594.77,575.05,1169.82
LumenLearn Systems,Week_24,18.46,64.6,29.73,65.16,53.74,16.4,39.4,33.93,45.94,77.37,496.65,767.71,1264.36
LumenLearn Systems,Week_25,62.05,48.17,97.83,94.88,61.95,16.21,77.34,99.13,46.87,53.43,690.41,547.86,1238.27
LumenLearn Systems,Week_26,13.23,76.28,40.32,31.66,13.94,94.67,82.6,12.32,98.04,29.44,442.47,524.13,966.6
LumenLearn Systems,Week_27,51.9,94.09,26.39,20.94,21.07,55.62,87.22,64.32,26.28,97.05,582.08,230.19,812.27
LumenLearn Systems,Week_28,58.84,93.3,81.07,27.77,60.28,46.85,99.79,69.36,81.92,74.36,758.51,237.74,996.25
LumenLearn Systems,Week_29,35.79,50.58,69.28,89.82,40.89,82.98,31.73,71.92,40.08,96.14,615.87,312.41,928.28
LumenLearn Systems,Week_30,63.17,20.19,54.84,68.12,75.63,85.22,13.63,20.83,75.78,48.44,533.36,219.48,752.84
LumenLearn Systems,Week_31,12.75,98.64,59.98,35.73,68.71,39.9,47.01,94.47,47.8,52.76,686.39,646.01,1332.4
LumenLearn Systems,Week_32,13.36,85.5,74.73,83.44,86.1,72.43,21.71,26.31,62.05,90.82,656.03,634.0,1290.03
LumenLearn Systems,Week_33,84.03,21.22,30.56,87.52,72.32,79.4,12.02,66.05,84.94,57.25,609.39,281.63,891.02
LumenLearn Systems,Week_34,42.42,92.88,99.67,86.19,48.69,68.92,42.44,30.04,82.37,73.66,587.62,701.65,1289.27
LumenLearn Systems,Week_35,21.44,88.29,97.73,92.7,70.57,23.64,80.54,37.65,87.98,32.7,678.71,292.87,971.58
LumenLearn Systems,Week_36,57.0,56.7,68.53,32.7,34.78,88.83,60.96,59.18,15.37,50.21,498.67,380.71,879.38
LumenLearn Systems,Week_37,79.3,63.21,27.96,77.95,37.57,58.52,38.15,47.55,72.28,21.11,533.76,349.39,883.15
LumenLearn Systems,Week_38,29.42,45.91,71.22,51.45,81.01,35.42,68.89,24.42,22.6,28.54,595.16,423.38,1018.54
LumenLearn Systems,Week_39,66.06,14.93,16.5,85.78,50.18,48.27,30.88,25.38,47.42,10.08,421.79,352.8,774.59
LumenLearn Systems,Week_40,17.68,40.17,12.76,75.56,81.85,13.38,11.29,47.63,59.37,13.53,522.4,493.37,1015.77
LumenLearn Systems,Week_41,14.65,82.26,33.19,79.88,84.02,21.51,78.79,78.16,46.25,97.96,756.97,444.44,1201.41
LumenLearn Systems,Week_42,57.82,10.42,51.64,69.05,87.18,78.9,66.14,90.82,56.77,31.81,711.93,791.94,1503.87
LumenLearn Systems,Week_43,58.66,40.01,88.14,25.97,92.5,10.0,78.61,17.57,99.69,69.7,620.9,233.56,854.46
LumenLearn Systems,Week_44,67.37,45.84,75.45,59.05,48.79,47.49,13.5,45.38,22.17,85.52,495.14,285.31,780.45
LumenLearn Systems,Week_45,75.35,58.37,76.84,98.62,38.7,57.03,85.34,19.02,70.79,59.56,597.59,231.7,829.29
LumenLearn Systems,Week_46,97.83,92.79,48.29,94.36,62.4,14.92,65.76,11.49,45.64,23.78,564.13,575.5,1139.63
LumenLearn Systems,Week_47,56.47,41.17,41.13,13.89,43.41,97.58,60.71,69.55,21.97,75.53,564.57,232.71,797.28
LumenLearn Systems,Week_48,39.07,41.23,43.39,24.83,64.1,30.35,66.22,64.22,24.29,64.02,583.43,701.86,1285.29
LumenLearn Systems,Week_49,81.57,76.38,98.89,21.86,73.5,37.38,87.8,24.67,95.43,75.81,647.31,507.16,1154.47
LumenLearn Systems,Week_50,34.37,50.7,13.61,75.34,71.96,37.35,62.82,31.04,89.16,79.28,622.32,516.2,1138.52
LumenLearn Systems,Week_51,49.51,30.21,88.03,83.6,43.71,30.74,62.29,12.13,91.63,97.79,501.7,536.96,1038.66
LumenLearn Systems,Week_52,17.06,50.72,62.08,29.22,25.02,10.13,99.16,85.15,99.24,61.62,508.38,302.49,810.87
Pinnacle EduTech,Week_1,12.28,22.68,49.48,55.53,48.75,75.64,78.11,97.72,28.75,40.75,625.8,318.61,944.41
Pinnacle EduTech,Week_2,96.64,25.87,75.27,85.66,22.83,97.02,49.81,22.19,41.99,68.36,488.61,391.29,879.9
Pinnacle EduTech,Week_3,85.24,54.85,53.8,75.95,90.11,30.19,73.67,30.83,70.23,16.16,658.49,556.1,1214.59
Pinnacle EduTech,Week_4,72.64,47.7,88.61,58.8,41.13,69.67,45.03,88.16,53.54,90.77,554.53,326.07,880.6
Pinnacle EduTech,Week_5,46.81,92.34,91.06,63.13,23.9,76.77,30.6,93.38,47.66,20.74,550.18,269.8,819.98
Pinnacle EduTech,Week_6,25.6,42.62,47.95,55.75,12.29,86.36,63.72,47.77,42.2,39.51,392.09,782.07,1174.16
Pinnacle EduTech,Week_7,24.08,62.25,34.91,36.78,68.12,48.04,93.54,14.56,63.44,83.42,665.72,213.19,878.91
Pinnacle EduTech,Week_8,32.52,66.9,63.31,60.85,67.32,37.26,93.62,13.55,61.8,63.76,603.5,681.62,1285.12
Pinnacle EduTech,Week_9,59.43,11.18,92.11,72.0,40.65,39.28,40.77,61.66,24.53,45.43,501.83,672.82,1174.65
Pinnacle EduTech,Week_10,74.31,69.72,28.96,88.6,16.45,74.14,57.49,45.36,52.46,52.61,547.64,378.33,925.97
Pinnacle EduTech,Week_11,69.42,26.02,66.07,67.27,46.87,83.51,29.05,12.58,59.81,86.91,446.54,281.38,727.92
Pinnacle EduTech,Week_12,35.19,96.5,66.84,78.5,38.01,26.35,99.61,62.49,61.33,40.6,636.18,287.38,923.56
Pinnacle EduTech,Week_13,95.94,23.38,75.98,24.41,70.94,43.38,98.3,11.02,28.91,88.27,581.72,618.46,1200.18
Pinnacle EduTech,Week_14,76.41,47.32,21.84,51.54,64.52,91.17,68.46,80.86,76.8,17.93,632.16,585.68,1217.84
Pinnacle EduTech,Week_15,59.89,17.68,74.42,10.84,42.81,82.6,82.4,37.58,12.27,79.91,505.89,669.65,1175.54
Pinnacle EduTech,Week_16,65.05,99.72,91.81,32.2,29.61,98.64,74.36,13.62,41.93,86.28,559.42,762.49,1321.91
Pinnacle EduTech,Week_17,47.76,55.2,26.17,75.38,98.92,77.88,63.38,62.95,80.22,26.36,692.52,615.16,1307.68
Pinnacle EduTech,Week_18,32.3,63.58,31.38,99.26,50.86,45.39,14.8,45.79,60.75,48.73,451.51,293.51,745.02
Pinnacle EduTech,Week_19,42.04,16.04,97.43,18.93,71.94,63.16,50.93,97.64,33.5,24.89,591.29,346.07,937.36
Pinnacle EduTech,Week_20,78.21,77.5,26.29,46.13,22.65,69.49,70.73,58.98,72.55,73.59,550.49,705.32,1255.81
Pinnacle EduTech,Week_21,11.3,28.89,86.89,82.01,53.7,17.06,70.98,34.77,61.07,58.18,535.98,325.58,861.56
Pinnacle EduTech,Week_22,20.45,90.82,54.31,28.36,12.48,59.0,43.58,73.85,81.66,67.18,532.49,243.51,776.0
Pinnacle EduTech,Week_23,14.14,28.46,32.25,59.96,55.49,73.84,94.75,34.43,76.15,27.68,627.55,621.97,1249.52
Pinnacle EduTech,Week_24,13.67,27.16,88.37,75.98,96.76,25.06,25.06,91.38,64.91,29.06,643.19,441.52,1084.71
Pinnacle EduTech,Week_25,86.99,13.29,50.08,65.44,44.58,80.26,55.03,43.72,53.94,13.73,471.99,752.02,1224.01
Pinnacle EduTech,Week_26,73.33,52.49,56.33,26.92,13.51,62.54,72.18,59.49,21.99,38.99,465.76,590.15,1055.91
Pinnacle EduTech,Week_27,52.68,60.84,42.33,41.98,12.79,95.7,72.74,14.55,33.52,60.38,409.85,254.25,664.1
Pinnacle EduTech,Week_28,18.81,15.91,63.37,80.54,44.92,13.82,68.38,48.35,47.72,87.21,538.19,768.71,1306.9
Pinnacle EduTech,Week_29,54.25,79.8,24.72,59.88,24.4,33.88,34.78,84.91,63.94,70.02,543.55,355.13,898.68
Pinnacle EduTech,Week_30,52.61,50.8,45.2,10.47,12.1,64.14,24.06,82.51,56.23,49.19,418.99,402.33,821.32
Pinnacle EduTech,Week_31,25.59,57.2,97.25,78.49,78.06,36.69,67.23,30.19,35.94,95.78,609.63,441.36,1050.99
Pinnacle EduTech,Week_32,49.05,49.67,33.23,13.18,51.27,74.3,63.94,30.35,10.58,74.73,475.98,230.73,706.71
Pinnacle EduTech,Week_33,45.87,46.07,69.11,77.12,36.03,78.31,26.14,83.56,54.66,93.71,552.04,497.91,1049.95
Pinnacle EduTech,Week_34,65.43,60.37,39.27,28.22,91.01,19.23,73.46,93.74,35.71,57.48,707.47,273.99,981.46
Pinnacle EduTech,Week_35,67.16,23.97,79.61,96.23,20.45,56.25,50.97,18.58,76.11,33.3,444.5,440.58,885.08
Pinnacle EduTech,Week_36,14.08,26.37,21.78,43.11,96.03,55.8,70.1,50.51,12.16,14.75,648.47,410.43,1058.9
Pinnacle EduTech,Week_37,43.72,87.56,97.28,39.42,38.26,43.24,85.36,40.37,62.63,75.35,594.99,663.7,1258.69
Pinnacle EduTech,Week_38,66.33,95.15,50.84,23.4,89.96,93.96,25.28,88.36,94.73,20.92,696.01,681.9,1377.91
Pinnacle EduTech,Week_39,55.28,43.6,31.24,37.5,64.26,84.48,11.72,17.52,25.7,37.25,461.08,292.05,753.13
Pinnacle EduTech,Week_40,87.08,34.37,16.61,88.9,84.4,72.75,80.12,29.0,52.45,57.92,684.6,419.93,1104.53
Pinnacle EduTech,Week_41,69.28,67.96,25.28,99.67,98.56,74.29,64.87,77.72,18.23,60.8,837.41,424.01,1261.42
Pinnacle EduTech,Week_42,24.66,46.79,56.78,43.15,35.96,51.55,72.97,14.62,66.31,64.05,494.57,290.85,785.42
Pinnacle EduTech,Week_43,16.35,12.28,40.33,50.37,96.5,92.89,85.43,54.33,59.55,24.96,659.89,679.07,1338.96
Pinnacle EduTech,Week_44,67.82,24.05,84.6,74.99,45.05,72.51,82.25,49.79,46.66,44.18,545.89,624.34,1170.23
Pinnacle EduTech,Week_45,12.39,74.44,48.78,89.76,44.7,75.61,96.48,40.1,56.92,65.55,636.5,314.23,950.73
Pinnacle EduTech,Week_46,62.72,69.3,32.38,63.37,40.63,87.55,58.23,45.51,90.69,97.28,642.4,420.03,1062.43
Pinnacle EduTech,Week_47,94.62,12.44,65.54,45.24,58.73,34.67,53.96,57.69,27.67,75.49,552.13,263.48,815.61
Pinnacle EduTech,Week_48,61.79,29.98,73.61,47.14,23.87,82.64,46.17,24.52,12.03,93.03,482.27,576.92,1059.19
Pinnacle EduTech,Week_49,44.94,30.8,25.03,72.61,59.83,27.57,23.83,61.48,87.55,78.6,559.89,272.82,832.71
Pinnacle EduTech,Week_50,67.9,70.47,25.09,10.29,58.75,41.08,61.53,82.49,61.94,63.25,638.51,791.56,1430.07
Pinnacle EduTech,Week_51,51.24,11.77,13.3,65.76,78.57,40.2,34.93,78.41,90.16,27.28,555.46,668.41,1223.87
Pinnacle EduTech,Week_52,59.11,19.37,76.28,41.99,85.03,98.07,92.92,23.85,63.73,70.0,645.35,434.14,1079.49
Veritas Institute,Week_1,94.73,81.99,69.74,81.48,49.64,87.09,62.49,23.43,82.91,66.1,665.35,547.14,1212.49
Veritas Institute,Week_2,44.75,26.07,52.72,18.37,37.21,73.11,63.36,34.14,48.67,64.22,471.48,746.81,1218.29
Veritas Institute,Week_3,96.51,68.75,85.98,62.94,33.34,75.44,41.94,42.5,77.49,54.08,540.66,532.46,1073.12
Veritas Institute,Week_4,91.48,31.44,82.51,53.29,27.52,60.59,14.68,46.76,92.17,57.58,433.1,304.7,737.8
Veritas Institute,Week_5,27.62,18.95,62.68,67.81,15.19,95.24,12.86,71.17,61.49,40.1,424.97,427.22,852.19
Veritas Institute,Week_6,16.24,31.89,88.14,15.84,40.82,54.66,48.1,15.1,26.27,56.74,435.09,705.89,1140.98
Veritas Institute,Week_7,19.07,75.0,28.53,62.2,34.32,44.25,17.61,13.12,34.19,27.78,415.6,586.53,1002.13
Veritas Institute,Week_8,11.64,87.01,20.07,60.53,96.98,24.67,64.62,45.27,27.88,82.47,724.76,590.43,1315.19
Veritas Institute,Week_9,18.5,84.72,34.28,60.46,60.19,80.76,89.29,72.74,32.22,26.72,729.56,720.09,1449.65
Veritas Institute,Week_10,71.47,45.75,15.14,64.31,41.25,76.1,89.46,27.41,37.58,17.65,544.73,736.38,1281.11
Veritas Institute,Week_11,16.41,70.13,57.81,70.88,62.24,44.59,69.31,67.74,59.96,49.26,653.1,751.88,1404.98
Veritas Institute,Week_12,38.71,28.45,94.29,82.45,22.53,12.27,29.01,33.38,62.92,69.25,420.44,256.91,677.35
Veritas Institute,Week_13,86.04,36.38,13.54,34.28,49.96,85.51,87.67,89.75,48.38,49.39,594.68,526.48,1121.16
Veritas Institute,Week_14,12.09,90.67,20.99,84.25,66.36,11.03,89.75,90.61,65.39,34.91,773.56,644.31,1417.87
Veritas Institute,Week_15,83.3,11.17,50.7,54.84,54.0,73.33,27.7,36.76,17.34,60.24,407.92,654.16,1062.08
Veritas Institute,Week_16,35.37,17.7,94.05,16.94,46.16,97.32,76.37,30.7,17.9,41.23,498.77,564.03,1062.8
Veritas Institute,Week_17,20.63,28.71,38.45,15.27,99.45,49.39,35.79,47.02,25.46,93.96,557.36,300.07,857.43
Veritas Institute,Week_18,72.71,12.39,55.65,40.08,89.23,31.15,82.24,31.65,56.63,93.04,643.02,678.45,1321.47
Veritas Institute,Week_19,66.6,26.33,13.74,80.64,66.11,73.44,99.75,70.51,29.26,55.21,691.18,632.07,1323.25
Veritas Institute,Week_20,88.97,62.47,23.35,73.69,61.24,83.54,12.7,84.35,35.5,39.51,534.8,251.68,786.48
Veritas Institute,Week_21,76.16,47.93,98.8,80.98,65.86,59.18,90.76,70.58,46.03,76.34,751.61,478.29,1229.9
Veritas Institute,Week_22,82.31,90.34,96.86,56.55,28.12,97.03,66.04,84.19,83.07,13.3,626.23,304.39,930.62
Veritas Institute,Week_23,35.38,83.57,10.44,49.62,45.56,14.65,97.6,45.73,11.25,52.73,601.02,402.49,1003.51
Veritas Institute,Week_24,25.97,40.76,95.66,23.27,13.55,55.43,51.85,24.07,68.44,40.27,373.7,210.85,584.55
Veritas Institute,Week_25,77.56,33.35,67.52,39.54,52.8,74.66,86.26,76.42,70.2,92.85,683.95,440.2,1124.15
Veritas Institute,Week_26,82.62,44.17,88.11,49.06,58.87,87.64,15.62,42.44,81.88,11.08,469.31,529.93,999.24
Veritas Institute,Week_27,99.15,63.13,50.93,17.97,30.5,26.13,40.18,70.41,93.95,59.75,461.31,571.75,1033.06
Veritas Institute,Week_28,47.14,34.13,56.4,29.86,96.76,82.0,16.03,34.36,11.81,76.66,540.79,598.09,1138.88
Veritas Institute,Week_29,43.48,66.17,54.0,63.84,91.85,59.74,97.78,17.31,23.84,53.65,732.39,701.77,1434.16
Veritas Institute,Week_30,79.88,46.85,70.02,76.21,74.99,45.69,83.53,99.33,89.76,17.69,799.39,329.28,1128.67
Veritas Institute,Week_31,40.67,59.68,22.57,99.85,58.0,21.85,86.73,24.06,51.27,97.52,614.28,272.29,886.57
Veritas Institute,Week_32,93.77,49.25,12.7,93.98,88.3,87.88,94.42,98.96,60.81,56.62,886.33,710.92,1597.25
Veritas Institute,Week_33,87.26,36.5,37.71,67.83,21.76,24.15,17.66,97.96,69.67,65.28,395.18,293.97,689.15
Veritas Institute,Week_34,48.61,95.36,73.42,47.91,81.15,37.88,44.7,81.44,71.12,31.29,658.04,784.86,1442.9
Veritas Institute,Week_35,77.58,78.72,28.17,67.26,21.23,36.1,16.39,69.35,93.86,53.51,445.55,705.52,1151.07
Veritas Institute,Week_36,77.91,22.61,70.61,80.71,81.48,88.43,28.97,62.0,99.73,48.62,608.23,500.53,1108.76
Veritas Institute,Week_37,19.28,88.16,97.29,20.65,34.82,70.54,30.64,87.95,74.81,16.74,494.78,788.85,1283.63
Veritas Institute,Week_38,91.23,53.87,18.45,46.89,88.94,81.7,52.22,36.05,35.85,19.55,614.64,258.43,873.07
Veritas Institute,Week_39,55.47,90.51,70.53,85.58,94.96,32.54,34.17,52.09,89.18,85.37,735.36,381.84,1117.2
Veritas Institute,Week_40,84.38,81.99,49.94,44.54,23.39,66.24,19.09,65.75,14.43,31.58,447.74,582.93,1030.67
Veritas Institute,Week_41,38.8,48.27,88.13,61.47,51.64,61.46,25.07,47.01,30.8,27.55,505.47,410.0,915.47
Veritas Institute,Week_42,90.6,12.02,25.94,62.9,98.29,84.95,23.25,48.47,90.76,55.44,625.18,757.02,1382.2
Veritas Institute,Week_43,45.03,34.18,72.34,26.6,53.51,91.55,97.58,39.73,33.06,79.19,633.95,239.38,873.33
Veritas Institute,Week_44,10.98,58.75,85.43,42.6,87.72,11.09,78.34,60.78,29.86,15.58,640.37,529.65,1170.02
Veritas Institute,Week_45,91.48,67.01,95.02,40.11,62.99,70.66,97.1,86.55,22.43,61.91,699.17,554.52,1253.69
Veritas Institute,Week_46,18.22,33.21,71.49,12.36,43.78,14.67,49.58,28.14,87.32,20.73,424.94,591.64,1016.58
Veritas Institute,Week_47,38.74,22.54,54.75,12.18,35.72,59.4,35.05,94.1,55.01,13.28,422.99,353.4,776.39
Veritas Institute,Week_48,95.51,85.14,65.61,84.85,28.29,35.89,81.85,72.02,70.74,14.75,584.78,418.74,1003.52
Veritas Institute,Week_49,95.55,98.6,88.2,34.58,78.56,37.61,39.36,84.09,31.52,85.07,688.52,706.21,1394.73
Veritas Institute,Week_50,61.61,57.31,61.35,56.63,44.79,41.77,36.94,60.06,78.22,20.62,480.9,316.97,797.87
Veritas Institute,Week_51,66.87,25.45,12.73,36.89,56.01,65.92,30.93,80.16,78.4,14.06,487.64,696.12,1183.76
Veritas Institute,Week_52,50.36,34.51,93.79,94.66,54.31,40.06,21.67,11.46,38.13,49.41,463.06,537.59,1000.65
CampusCraft Global,Week_1,36.39,11.66,72.06,33.34,61.96,75.94,33.08,83.65,46.96,85.96,576.1,657.31,1233.41
CampusCraft Global,Week_2,39.58,92.29,70.89,48.67,87.9,46.41,41.98,13.61,28.87,33.62,562.15,628.16,1190.31
CampusCraft Global,Week_3,70.53,20.6,29.41,88.55,98.27,16.15,70.66,90.09,97.89,47.95,730.53,324.51,1055.04
CampusCraft Global,Week_4,77.71,61.89,69.3,85.77,46.68,80.54,15.63,99.28,68.1,13.59,624.15,541.29,1165.44
CampusCraft Global,Week_5,81.24,34.66,45.45,26.75,84.48,35.72,28.95,36.47,94.11,50.42,542.68,720.63,1263.31
CampusCraft Global,Week_6,81.07,59.88,68.61,82.24,78.81,48.95,82.81,28.93,37.3,61.99,743.36,459.27,1202.63
CampusCraft Global,Week_7,18.21,68.63,19.59,51.24,61.62,71.69,23.22,78.88,80.37,61.38,641.87,779.95,1421.82
CampusCraft Global,Week_8,54.5,84.68,69.21,53.47,96.04,39.92,40.84,32.77,78.93,39.92,691.5,471.33,1162.83
CampusCraft Global,Week_9,15.18,28.58,99.95,22.01,28.04,15.09,87.82,87.9,72.25,38.4,485.37,285.67,771.04
CampusCraft Global,Week_10,59.46,10.99,14.34,17.25,19.83,43.65,23.94,19.26,96.91,19.6,280.29,433.66,713.95
CampusCraft Global,Week_11,49.74,22.32,97.95,75.51,86.86,95.0,17.45,21.34,45.42,43.01,556.83,771.02,1327.85
CampusCraft Global,Week_12,89.89,91.0,46.62,54.68,49.52,67.76,53.61,98.12,21.76,18.95,617.09,391.83,1008.92
CampusCraft Global,Week_13,41.58,88.65,88.37,49.32,86.23,70.43,37.22,70.65,70.45,78.99,739.89,720.86,1460.75
CampusCraft Global,Week_14,20.54,63.77,80.41,75.66,90.38,66.91,60.71,86.22,75.64,96.96,846.5,728.75,1575.25
CampusCraft Global,Week_15,22.87,64.05,61.03,78.9,15.62,27.91,82.34,39.19,61.76,97.31,559.58,410.11,969.69
CampusCraft Global,Week_16,78.54,69.85,76.46,24.3,89.51,47.65,22.34,70.88,28.61,87.86,606.86,249.95,856.81
CampusCraft Global,Week_17,65.64,25.78,89.07,64.92,50.35,77.58,62.26,63.48,55.4,64.07,622.71,634.73,1257.44
CampusCraft Global,Week_18,19.1,92.3,46.37,22.18,55.94,19.12,55.5,64.28,38.1,73.08,560.58,386.91,947.49
CampusCraft Global,Week_19,17.57,47.69,39.43,77.62,66.39,35.01,22.97,71.43,48.47,35.67,558.14,669.75,1227.89
CampusCraft Global,Week_20,73.09,44.48,70.08,69.13,93.37,34.87,66.16,61.78,68.07,66.77,706.97,465.59,1172.56
CampusCraft Global,Week_21,16.55,56.7,82.71,96.1,11.72,48.88,34.63,48.62,77.07,51.01,462.63,491.16,953.79
CampusCraft Global,Week_22,83.97,14.23,78.61,16.21,52.92,98.23,53.91,34.83,30.9,53.38,503.4,666.75,1170.15
CampusCraft Global,Week_23,73.56,24.97,81.8,15.13,71.89,16.08,17.4,79.17,46.48,78.2,473.47,429.42,902.89
CampusCraft Global,Week_24,17.32,76.42,49.2,35.4,75.04,56.68,51.36,30.36,34.22,35.37,628.06,465.88,1093.94
CampusCraft Global,Week_25,17.64,17.45,83.61,33.55,72.33,26.14,37.58,72.31,27.88,38.62,458.23,425.71,883.94
CampusCraft Global,Week_26,98.8,64.28,20.82,32.23,22.1,97.36,84.01,31.0,80.5,93.22,538.47,420.4,958.87
CampusCraft Global,Week_27,43.68,32.08,59.0,91.56,36.95,20.2,15.13,66.28,91.83,15.06,457.89,515.57,973.46
CampusCraft Global,Week_28,43.36,45.04,10.52,32.46,42.28,46.32,47.67,77.24,43.32,53.71,519.34,685.28,1204.62
CampusCraft Global,Week_29,83.15,35.98,39.21,34.48,82.4,76.41,51.26,29.68,77.62,92.15,610.12,417.06,1027.18
CampusCraft Global,Week_30,95.25,42.01,42.98,78.35,35.09,73.41,75.25,15.39,90.73,64.93,542.76,514.55,1057.31
CampusCraft Global,Week_31,98.74,74.71,45.66,50.48,28.96,48.05,61.69,21.79,86.15,59.18,511.0,602.44,1113.44
CampusCraft Global,Week_32,77.8,36.74,72.59,79.9,96.17,41.19,70.05,64.54,26.45,32.48,690.31,361.66,1051.97
CampusCraft Global,Week_33,43.86,60.98,44.97,15.88,10.8,45.79,79.93,86.45,96.07,40.89,560.34,366.51,926.85
CampusCraft Global,Week_34,17.52,52.84,50.38,53.88,99.8,33.78,87.6,14.05,43.9,86.68,715.47,760.05,1475.52
CampusCraft Global,Week_35,79.94,69.73,31.38,13.03,70.91,28.48,38.25,76.07,40.53,60.33,592.01,634.12,1226.13
CampusCraft Global,Week_36,60.26,94.31,43.59,15.64,84.56,53.47,58.42,40.72,15.62,56.33,597.48,546.31,1143.79
CampusCraft Global,Week_37,48.18,75.93,30.45,91.58,36.52,34.17,85.61,53.07,53.76,18.96,589.23,588.63,1177.86
CampusCraft Global,Week_38,91.57,29.34,16.59,22.53,11.29,35.87,99.05,93.6,19.81,11.44,449.49,217.58,667.07
CampusCraft Global,Week_39,20.01,12.81,64.31,57.92,76.41,69.11,90.06,39.88,32.37,96.73,629.81,570.86,1200.67
CampusCraft Global,Week_40,54.34,33.6,70.14,47.0,85.07,97.17,43.43,51.88,38.52,43.93,632.61,505.71,1138.32
CampusCraft Global,Week_41,11.02,63.56,65.75,41.26,76.64,64.33,27.56,11.23,82.79,64.29,532.39,527.45,1059.84
CampusCraft Global,Week_42,52.18,14.63,51.71,90.99,22.86,16.93,54.05,17.34,88.79,17.17,398.69,415.65,814.34
CampusCraft Global,Week_43,15.07,54.67,44.18,11.96,77.81,16.8,76.75,33.27,37.22,71.48,538.95,248.88,787.83
CampusCraft Global,Week_44,20.69,63.72,87.7,69.74,79.2,95.63,54.33,12.51,87.28,93.93,740.38,316.0,1056.38
CampusCraft Global,Week_45,20.58,40.08,56.72,96.71,69.27,36.76,53.49,66.82,87.15,61.81,634.71,770.45,1405.16
CampusCraft Global,Week_46,68.43,79.38,53.13,60.42,78.95,18.29,85.44,48.38,78.82,21.35,686.7,445.22,1131.92
CampusCraft Global,Week_47,77.14,19.59,12.31,94.31,86.13,63.91,42.53,59.33,23.2,62.35,649.76,480.01,1129.77
CampusCraft Global,Week_48,62.5,16.76,40.71,14.7,65.22,66.13,87.38,25.72,72.13,78.97,546.13,231.63,777.76
CampusCraft Global,Week_49,96.6,75.54,44.22,47.69,17.97,68.37,46.61,36.63,95.05,46.58,499.38,222.54,721.92
CampusCraft Global,Week_50,43.74,54.59,45.89,33.41,53.89,34.07,39.54,69.74,71.43,89.19,522.5,630.31,1152.81
CampusCraft Global,Week_51,35.71,71.96,62.22,75.77,16.99,11.36,50.86,96.88,39.85,68.38,583.96,522.86,1106.82
CampusCraft Global,Week_52,88.17,49.13,58.02,98.32,46.68,96.85,78.62,14.54,55.05,90.93,633.13,505.22,1138.35
Zenith Scholars,Week_1,30.12,32.18,64.71,33.09,46.64,32.58,21.34,90.13,68.12,66.12,479.16,345.87,825.03
Zenith Scholars,Week_2,96.69,83.72,78.84,68.88,15.94,70.84,27.68,61.92,55.95,21.82,469.68,646.85,1116.53
Zenith Scholars,Week_3,11.09,81.95,83.17,27.83,41.39,73.6,95.63,60.75,20.8,37.87,646.2,300.94,947.14
Zenith Scholars,Week_4,97.29,72.52,74.63,60.88,19.99,64.9,25.79,55.03,38.09,28.16,426.38,313.96,740.34
Zenith Scholars,Week_5,13.88,34.49,96.0,51.75,82.74,38.16,61.1,16.25,82.22,91.79,593.1,476.43,1069.53
Zenith Scholars,Week_6,90.2,63.12,11.64,97.48,95.29,34.4,62.14,18.09,87.53,78.44,692.53,371.77,1064.3
Zenith Scholars,Week_7,57.49,42.49,27.62,64.77,16.51,63.79,54.07,64.08,22.36,70.88,438.57,348.48,787.05
Zenith Scholars,Week_8,99.37,18.24,10.68,41.46,95.96,87.95,68.03,40.69,95.71,37.09,707.92,587.14,1295.06
Zenith Scholars,Week_9,16.64,92.56,68.27,20.27,57.03,95.21,30.68,92.55,39.59,26.56,597.43,590.58,1188.01
Zenith Scholars,Week_10,59.85,22.31,90.82,23.61,36.96,19.53,59.74,46.59,69.61,78.08,484.89,694.71,1179.6
Zenith Scholars,Week_11,97.24,95.52,31.91,30.28,16.92,23.93,43.5,22.9,77.66,52.67,413.93,450.63,864.56
Zenith Scholars,Week_12,57.08,50.14,93.43,32.59,55.06,95.03,69.55,74.32,83.08,30.32,615.36,243.85,859.21
Zenith Scholars,Week_13,66.65,26.66,15.42,86.56,81.51,76.29,22.71,36.4,95.12,65.5,592.98,364.2,957.18
Zenith Scholars,Week_14,72.62,58.77,94.1,60.51,73.64,89.47,61.38,57.29,38.16,13.63,678.23,788.0,1466.23
Zenith Scholars,Week_15,50.91,88.57,41.65,57.11,14.52,28.24,26.67,72.8,87.27,39.36,460.43,557.76,1018.19
Zenith Scholars,Week_16,66.48,75.9,19.13,20.33,16.56,62.88,35.08,91.02,21.85,52.17,495.08,625.84,1120.92
Zenith Scholars,Week_17,62.59,82.59,53.73,87.41,46.26,73.1,29.68,81.3,73.45,23.32,645.09,204.41,849.5
Zenith Scholars,Week_18,91.1,69.29,33.11,75.05,36.58,71.21,26.46,70.87,76.78,98.62,612.78,510.92,1123.7
Zenith Scholars,Week_19,14.09,72.3,35.64,16.09,30.91,46.73,84.31,71.17,71.0,28.82,534.8,222.52,757.32
Zenith Scholars,Week_20,35.29,86.43,37.66,73.71,35.29,11.39,35.71,95.13,32.71,21.73,499.26,541.54,1040.8
Zenith Scholars,Week_21,95.54,32.47,82.27,58.92,82.31,62.46,93.44,36.62,88.57,28.32,663.61,752.46,1416.07
Zenith Scholars,Week_22,90.12,54.05,58.52,17.36,93.63,32.78,97.29,10.1,25.2,79.22,643.01,781.05,1424.06
Zenith Scholars,Week_23,51.01,29.91,38.02,51.25,46.46,50.52,61.41,34.48,14.83,48.3,484.25,524.33,1008.58
Zenith Scholars,Week_24,65.81,98.89,64.93,53.62,91.55,96.18,22.87,29.61,74.57,60.89,616.24,474.92,1091.16
Zenith Scholars,Week_25,34.96,94.97,74.45,24.92,38.93,45.91,43.71,69.57,52.79,11.89,520.57,767.01,1287.58
Zenith Scholars,Week_26,26.93,13.55,34.54,95.11,52.88,85.58,81.8,67.03,86.42,13.1,637.88,604.17,1242.05
Zenith Scholars,Week_27,51.73,73.5,47.22,86.5,30.34,26.97,43.07,63.41,44.51,50.12,514.01,238.94,752.95
Zenith Scholars,Week_28,41.8,93.27,20.97,70.21,67.64,70.52,17.83,11.46,25.15,83.5,586.53,479.44,1065.97
Zenith Scholars,Week_29,62.53,26.25,26.3,51.61,98.11,97.93,60.11,75.59,85.28,89.67,773.88,344.15,1118.03
Zenith Scholars,Week_30,17.0,61.12,71.3,47.06,64.31,19.17,86.06,39.12,59.4,17.8,625.83,481.88,1107.71
Zenith Scholars,Week_31,97.7,92.39,26.33,68.59,42.2,10.75,81.63,69.86,27.03,58.45,609.58,473.28,1082.86
Zenith Scholars,Week_32,98.76,13.06,57.26,59.09,68.3,49.02,25.76,60.09,74.83,92.19,582.16,549.29,1131.45
Zenith Scholars,Week_33,72.83,72.77,73.81,15.6,21.06,18.34,70.55,40.85,56.0,44.92,493.36,414.06,907.42
Zenith Scholars,Week_34,58.25,36.76,19.62,56.13,89.98,77.35,29.85,22.11,64.39,84.66,628.65,298.56,927.21
Zenith Scholars,Week_35,37.86,93.2,61.06,82.58,55.28,92.31,29.64,18.5,51.48,22.03,525.32,502.23,1027.55
Zenith Scholars,Week_36,83.24,97.4,33.09,51.33,50.44,49.06,88.67,84.84,84.58,94.19,741.04,698.12,1439.16
Zenith Scholars,Week_37,71.63,94.98,96.66,14.68,62.73,33.28,32.47,92.66,84.66,77.63,637.39,598.41,1235.8
Zenith Scholars,Week_38,24.64,52.68,53.52,80.77,66.23,49.1,33.69,68.48,73.84,94.72,659.41,403.02,1062.43
Zenith Scholars,Week_39,91.98,87.58,82.54,28.12,16.46,75.11,10.06,19.31,19.49,70.9,389.54,761.31,1150.85
Zenith Scholars,Week_40,84.03,86.01,59.52,33.28,71.44,10.81,88.36,46.18,85.5,42.71,631.67,747.32,1378.99
Zenith Scholars,Week_41,95.48,38.72,13.91,24.82,31.77,63.05,81.33,75.6,70.39,94.44,574.83,325.61,900.44
Zenith Scholars,Week_42,75.31,84.6,66.98,39.72,74.26,65.2,66.46,80.18,72.73,34.8,654.02,223.65,877.67
Zenith Scholars,Week_43,65.21,13.33,95.63,78.11,84.03,67.39,77.52,20.64,42.67,39.9,666.6,644.79,1311.39
Zenith Scholars,Week_44,47.64,63.66,64.15,56.74,82.36,31.78,23.68,10.0,89.14,73.07,538.16,696.57,1234.73
Zenith Scholars,Week_45,93.95,30.7,83.73,28.44,59.73,74.26,51.25,74.09,75.28,78.88,608.99,780.72,1389.71
Zenith Scholars,Week_46,87.95,20.85,89.58,89.0,56.82,18.23,41.61,42.09,20.13,93.65,513.25,733.9,1247.15
Zenith Scholars,Week_47,14.07,16.93,30.53,89.16,22.86,27.93,18.44,32.9,46.7,28.43,362.88,560.32,923.2
Zenith Scholars,Week_48,12.37,72.67,29.08,88.35,79.78,88.97,53.75,11.16,89.77,81.82,601.39,518.03,1119.42
Zenith Scholars,Week_49,43.88,40.59,64.99,31.49,34.43,76.49,92.87,58.63,14.25,76.47,569.09,216.7,785.79
Zenith Scholars,Week_50,82.95,75.23,46.99,50.61,54.7,11.24,13.61,86.6,96.53,15.74,522.17,347.99,870.16
Zenith Scholars,Week_51,98.85,15.88,85.59,98.65,35.58,32.35,36.23,96.19,71.12,44.85,528.19,475.77,1003.96
Zenith Scholars,Week_52,23.54,38.38,91.0,79.48,22.04,29.3,28.68,60.92,66.82,35.45,488.8,577.1,1065.9
