Company_Name,Time_Period,Care_Network_Expansion_Fund,Pharma_Production_Output,Pharmaceutical_Ad_Spend,Logistics_ColdChain_Volume,Clinical_Staff_Headcount,Digital_Health_Records_IT,Clinical_Trial_Expenditure,Pharma_Research_and_Dev,Compliance_Audit_Pass_Rate,Medical_Device_Sales_Volume,Net_Profit_Rs_Cr,Total_Cost_Rs_Cr,Revenue_Rs_Cr
Pharma_Company_01,Year_1_Week_01,43.7086,63.4718,58.5542,41.8079,12.4451,66.6602,34.3726,31.4332,56.3015,34.3503,533.2365,639.3315,1172.568
Pharma_Company_01,Year_1_Week_02,95.5643,44.2802,81.1651,31.3184,15.8684,14.8899,32.2804,91.7591,17.6551,32.3913,625.1959,339.8114,965.0073
Pharma_Company_01,Year_1_Week_03,75.8795,97.2923,38.6877,80.2473,51.7538,77.3781,15.6274,52.1262,59.3986,94.7852,700.9279,687.8852,1388.8131
Pharma_Company_01,Year_1_Week_04,63.8793,85.7907,66.3302,34.7325,91.8298,38.5828,51.3046,51.9669,44.1981,36.8445,673.2176,553.0587,1226.2763
Pharma_Company_01,Year_1_Week_05,24.0417,85.4496,89.738,84.0353,58.4832,10.0121,75.946,78.4518,64.6422,79.7955,623.6175,326.4579,950.0754
Pharma_Company_01,Year_1_Week_06,24.0395,52.1824,65.4277,48.1364,54.8031,56.0016,64.6059,23.9043,44.9854,45.381,525.714,342.0323,867.7463
Pharma_Company_01,Year_1_Week_07,15.2275,47.3338,30.9664,70.0795,19.4926,14.2167,70.5585,53.8539,31.6269,22.5329,367.5213,576.8183,944.3396
Pharma_Company_01,Year_1_Week_08,87.9559,34.6066,12.1961,18.5982,69.1102,34.8553,17.3034,48.6987,18.5469,10.9644,486.3601,697.9638,1184.3239
Pharma_Company_01,Year_1_Week_09,64.1004,15.0738,88.3089,66.1473,83.9893,73.6279,95.6342,63.722,38.3427,58.9832,699.6241,449.3767,1149.0008
Pharma_Company_01,Year_1_Week_10,73.7265,87.825,11.9142,50.6591,44.2378,15.6421,85.4643,99.9602,18.698,97.8201,584.6537,354.9803,939.634
Pharma_Company_01,Year_1_Week_11,11.8526,83.1611,88.7232,62.7948,79.8051,85.5405,82.4581,79.2504,25.9207,43.2223,690.2537,720.207,1410.4607
Pharma_Company_01,Year_1_Week_12,97.2919,99.9746,57.6043,25.1213,96.8029,10.3438,84.0685,45.8079,98.8603,42.1473,729.7685,601.561,1331.3295
Pharma_Company_01,Year_1_Week_13,84.9198,99.6973,94.5161,76.3186,28.339,32.2141,93.9439,84.4798,49.9693,40.9682,868.0862,468.8513,1336.9375
Pharma_Company_01,Year_1_Week_14,29.1105,59.9889,81.8905,87.6517,57.0997,76.6814,58.9829,25.3638,57.8685,56.8489,593.1911,492.7401,1085.9312
Pharma_Company_01,Year_1_Week_15,26.3642,79.2089,99.8141,29.5066,35.8424,38.4643,28.0254,12.7417,88.6257,49.6598,510.7977,322.5539,833.3516
Pharma_Company_01,Year_1_Week_16,26.5064,95.0289,41.5641,18.6143,81.3569,19.1703,65.5105,28.4004,99.6012,89.1923,457.2334,576.0816,1033.315
Pharma_Company_01,Year_1_Week_17,37.3818,86.4683,79.0469,12.1275,61.9834,42.4211,76.8593,40.637,62.4443,55.4969,564.8269,415.2455,980.0724
Pharma_Company_01,Year_1_Week_18,57.2281,32.2613,46.1738,67.7774,67.1124,34.3354,76.4126,55.9523,83.1226,55.6982,532.9681,797.3871,1330.3552
Pharma_Company_01,Year_1_Week_19,48.8751,50.549,53.1888,64.6385,81.8123,85.8441,56.9304,65.3616,39.4247,22.4534,596.9178,488.1101,1085.0279
Pharma_Company_01,Year_1_Week_20,36.2106,21.6243,66.4755,59.2028,45.6373,38.2013,16.1613,91.9545,37.517,98.4466,448.0734,491.5314,939.6048
Pharma_Company_01,Year_1_Week_21,65.0668,95.8646,88.6309,30.8752,92.3581,81.0039,43.4002,55.8869,46.2433,32.4976,776.3248,539.5111,1315.8359
Pharma_Company_01,Year_1_Week_22,22.5544,64.5557,98.5675,45.1815,57.9726,90.2685,92.869,55.1148,70.5257,16.6028,629.3053,750.0536,1379.3589
Pharma_Company_01,Year_1_Week_23,36.293,30.5779,79.1446,63.5029,24.2159,49.0436,62.6004,14.5219,71.3973,69.6832,493.1331,680.4909,1173.624
Pharma_Company_01,Year_1_Week_24,42.9726,70.4531,47.599,54.709,72.6309,91.8949,58.4499,13.142,38.3715,63.583,552.1694,470.678,1022.8474
Pharma_Company_01,Year_1_Week_25,51.0463,65.6315,47.9221,98.9007,81.3935,43.9586,34.1968,59.6044,21.9889,47.3631,597.0002,631.2196,1228.2198
Pharma_Company_01,Year_1_Week_26,80.6658,42.2346,76.3824,22.2796,38.5086,96.7671,43.1604,49.4361,66.9157,47.9973,680.0182,551.7413,1231.7595
Pharma_Company_01,Year_1_Week_27,27.9706,20.2202,31.4899,72.563,87.1461,18.0361,90.5811,85.5262,21.5493,80.6558,438.3813,495.4202,933.8015
Pharma_Company_01,Year_1_Week_28,56.2811,70.4416,19.9427,46.3887,91.5529,71.8317,69.9817,24.4612,62.0643,27.6141,642.8758,315.3895,958.2653
Pharma_Company_01,Year_1_Week_29,63.3173,56.8277,41.916,48.538,34.9214,54.4433,80.8648,12.2474,72.408,83.8228,550.0018,478.3618,1028.3636
Pharma_Company_01,Year_1_Week_30,14.1805,79.5087,35.8515,74.5838,98.5169,44.8884,50.8911,50.4135,73.055,68.3872,541.9242,347.4912,889.4154
Pharma_Company_01,Year_1_Week_31,64.679,56.8147,36.6677,72.3193,22.664,66.9441,66.7222,31.3731,77.8125,47.7073,612.7507,748.9053,1361.656
Pharma_Company_01,Year_1_Week_32,25.3472,86.6963,31.0247,99.213,28.1814,73.3471,32.3545,14.4653,88.5573,51.2226,571.5474,401.2441,972.7915
Pharma_Company_01,Year_1_Week_33,15.8546,59.6716,13.7884,21.5555,26.5802,10.3927,73.4915,75.2138,54.9963,33.0982,333.8855,771.3584,1105.2439
Pharma_Company_01,Year_1_Week_34,95.3997,60.4844,11.6087,19.3699,90.4591,25.0258,48.4841,20.0434,75.7224,77.6903,572.6177,519.8332,1092.4509
Pharma_Company_01,Year_1_Week_35,96.9069,88.8988,98.895,75.1905,68.8863,74.1741,49.8291,64.7488,65.7255,56.1587,873.758,578.9266,1452.6846
Pharma_Company_01,Year_1_Week_36,82.7558,46.3135,48.4996,62.0548,23.6894,69.9747,68.439,35.2945,26.7976,38.8769,617.4216,525.7643,1143.1859
Pharma_Company_01,Year_1_Week_37,37.4152,22.0614,44.5894,34.6745,49.6291,96.9443,94.2653,25.6146,12.3121,63.6445,485.6353,277.6284,763.2637
Pharma_Company_01,Year_1_Week_38,18.7905,12.5904,71.1683,17.1477,65.3768,78.4934,15.7606,44.1776,35.6087,99.6161,372.8291,425.4927,798.3218
Pharma_Company_01,Year_1_Week_39,71.581,77.9624,29.6428,17.7092,17.5118,95.5695,84.2269,82.1301,49.873,49.1736,626.836,259.4877,886.3237
Pharma_Company_01,Year_1_Week_40,49.6137,65.8279,95.4965,90.4772,89.4175,73.2286,36.3145,45.2884,65.5395,92.8622,769.142,573.7724,1342.9144
Pharma_Company_01,Year_1_Week_41,20.9834,73.3672,80.7711,27.2681,82.3243,36.8247,49.9528,77.5693,86.4963,41.0515,565.5183,468.1245,1033.6428
Pharma_Company_01,Year_1_Week_42,54.5659,29.1668,18.047,39.1034,55.4686,19.4828,11.9722,21.2938,27.6621,14.9259,381.5533,666.791,1048.3443
Pharma_Company_01,Year_1_Week_43,13.095,22.2734,47.5823,30.3991,97.0414,80.3641,37.0941,79.5494,21.2995,28.3818,371.1967,332.2823,703.479
Pharma_Company_01,Year_1_Week_44,91.8388,11.309,89.1206,41.9497,47.5985,67.9734,55.2368,31.324,96.7132,47.6826,558.7387,298.7396,857.4783
Pharma_Company_01,Year_1_Week_45,33.2902,41.5529,95.0259,16.2481,98.5699,14.3367,15.0558,70.9654,19.724,29.7671,500.3449,443.7993,944.1442
Pharma_Company_01,Year_1_Week_46,69.627,63.0926,52.0661,56.7154,70.1128,42.4045,54.1986,60.9203,53.0642,10.0204,633.2274,755.9512,1389.1786
Pharma_Company_01,Year_1_Week_47,38.054,45.302,65.207,16.0851,67.1204,96.112,93.44,93.623,62.7007,92.3501,560.9982,626.2531,1187.2513
Pharma_Company_01,Year_1_Week_48,56.8061,49.3727,25.0331,82.0321,24.9359,55.0361,19.4854,44.859,58.7237,85.9491,508.1927,451.3542,959.5469
Pharma_Company_01,Year_1_Week_49,59.2039,91.3743,99.2052,31.0341,89.3735,48.9456,78.7997,15.9549,17.7429,76.8063,705.5509,510.3633,1215.9142
Pharma_Company_01,Year_1_Week_50,26.6369,41.343,30.8505,58.6011,48.4741,51.193,46.8704,11.724,15.1324,25.1033,429.4068,250.5278,679.9346
Pharma_Company_01,Year_1_Week_51,97.2626,56.2591,94.8459,89.2071,24.601,28.7994,68.9656,84.4173,19.4935,20.8327,759.7492,790.7455,1550.4947
Pharma_Company_01,Year_1_Week_52,79.762,80.5288,68.4682,68.579,11.1347,43.1836,33.4213,57.2262,62.7029,16.0844,639.3989,599.8444,1239.2433
Pharma_Company_02,Year_1_Week_01,94.5549,45.6889,64.6963,57.9662,60.378,43.2832,24.3543,79.772,58.991,75.1626,703.4829,371.2424,1074.7253
Pharma_Company_02,Year_1_Week_02,90.5345,65.9878,56.142,39.19,57.466,14.712,24.4416,31.0983,31.0367,93.5927,599.153,551.485,1150.638
Pharma_Company_02,Year_1_Week_03,63.811,87.6127,30.7603,39.9702,74.7418,79.0811,16.3443,41.0575,67.3997,48.7482,630.0897,265.6894,895.7791
Pharma_Company_02,Year_1_Week_04,92.9687,95.4569,25.8875,70.2538,90.1232,47.4854,26.7082,12.7093,83.8061,20.7227,709.9551,779.502,1489.4571
Pharma_Company_02,Year_1_Week_05,17.9643,23.2366,29.8438,99.4725,17.1466,83.9962,69.7797,96.5343,13.7421,56.1154,420.5466,304.871,725.4176
Pharma_Company_02,Year_1_Week_06,27.6385,93.3929,26.7794,69.5655,75.8347,86.5313,89.3522,70.1081,54.8317,41.3949,628.0137,588.8182,1216.8319
Pharma_Company_02,Year_1_Week_07,14.0705,54.2905,80.1626,60.2005,26.8671,29.0795,83.2713,93.9885,72.0379,43.7342,505.6086,347.2727,852.8813
Pharma_Company_02,Year_1_Week_08,39.2797,33.242,41.5113,75.7585,87.2359,69.1618,71.6621,33.8947,32.7081,65.9198,552.9514,630.5368,1183.4882
Pharma_Company_02,Year_1_Week_09,44.981,51.3222,15.2058,51.8685,83.7157,52.5054,19.9389,65.0317,37.6994,74.6846,474.3231,666.0928,1140.4159
Pharma_Company_02,Year_1_Week_10,34.4214,98.2029,97.2192,15.4128,58.6714,89.2141,36.0269,71.065,65.2274,19.9543,589.2988,604.0518,1193.3506
Pharma_Company_02,Year_1_Week_11,84.5864,54.3356,89.5407,60.6067,73.9219,29.4167,37.8826,38.5795,90.8142,13.2031,690.7503,568.6997,1259.45
Pharma_Company_02,Year_1_Week_12,42.1078,39.5876,93.4977,96.1863,38.2915,71.0032,32.4961,86.3298,82.8932,99.4897,650.3077,735.4815,1385.7892
Pharma_Company_02,Year_1_Week_13,35.2841,67.0061,99.5417,25.7773,52.4051,64.6977,56.3505,95.2445,62.4817,30.9456,597.1774,247.176,844.3534
Pharma_Company_02,Year_1_Week_14,58.8426,31.6131,25.6506,72.1004,83.9473,36.5771,58.1998,89.637,75.72,14.8447,554.867,398.5489,953.4159
Pharma_Company_02,Year_1_Week_15,22.6832,16.8277,45.6618,28.084,51.3339,22.2941,42.1197,76.516,42.834,27.0888,373.0804,348.9725,722.0529
Pharma_Company_02,Year_1_Week_16,82.1977,21.5992,78.2415,58.2245,42.2018,68.6476,41.841,34.9718,67.6869,13.5062,590.8854,792.8084,1383.6938
Pharma_Company_02,Year_1_Week_17,16.7096,21.5241,72.6419,18.7009,54.4791,76.4738,84.57,35.3454,51.9563,45.263,377.0957,433.6339,810.7296
Pharma_Company_02,Year_1_Week_18,98.8198,23.6712,23.8506,50.5334,84.5424,38.4065,81.0364,96.7024,27.0943,82.2162,629.4914,639.5676,1269.059
Pharma_Company_02,Year_1_Week_19,79.502,22.4944,83.425,78.0547,40.1687,68.0349,37.7016,10.9256,73.1564,40.712,607.8209,610.8351,1218.656
Pharma_Company_02,Year_1_Week_20,27.8844,67.6787,30.1997,41.2814,25.6385,45.5618,92.241,74.4445,60.0818,49.9765,444.8629,327.2487,772.1116
Pharma_Company_02,Year_1_Week_21,10.497,26.3692,30.1436,69.8421,74.0813,74.1886,95.7534,73.5622,42.2759,70.8028,449.4943,343.3986,792.8929
Pharma_Company_02,Year_1_Week_22,83.3915,41.1101,58.3277,81.5905,84.338,27.9294,39.4068,66.0421,92.0205,55.8005,694.194,368.7707,1062.9647
Pharma_Company_02,Year_1_Week_23,73.6172,90.711,63.3646,93.446,19.0574,90.1194,41.8982,99.1098,11.8841,87.5301,742.5512,446.6764,1189.2276
Pharma_Company_02,Year_1_Week_24,75.6106,52.6565,62.2078,31.1178,31.5887,35.8669,55.5071,38.0691,38.4196,87.9432,568.4905,340.595,909.0855
Pharma_Company_02,Year_1_Week_25,79.4143,70.0802,18.2338,45.9384,22.7775,43.1007,94.7009,40.5975,15.1193,10.892,625.8253,211.7909,837.6162
Pharma_Company_02,Year_1_Week_26,16.664,25.5088,88.9715,23.7174,41.3147,15.2283,88.8687,17.1045,78.9875,80.0242,390.4944,727.6358,1118.1302
Pharma_Company_02,Year_1_Week_27,42.2619,27.306,33.904,99.3235,50.5316,20.0361,19.2311,49.8518,73.1897,51.466,468.5577,779.3659,1247.9236
Pharma_Company_02,Year_1_Week_28,20.4282,13.6782,21.6563,93.4301,77.3944,56.4276,45.3458,33.4944,39.8217,98.9956,392.0733,404.9422,797.0155
Pharma_Company_02,Year_1_Week_29,87.6793,25.2042,89.9873,58.5961,68.6033,34.0833,59.8034,40.9048,70.8097,53.4909,641.4348,403.1041,1044.5389
Pharma_Company_02,Year_1_Week_30,66.0968,35.0731,96.0086,85.783,65.8836,85.1932,55.2819,85.1115,45.6344,98.8206,699.9799,204.2551,904.235
Pharma_Company_02,Year_1_Week_31,39.7808,25.9309,87.5915,56.8862,41.7137,11.3224,27.4477,94.1936,78.0628,77.9112,479.8725,608.1504,1088.0229
Pharma_Company_02,Year_1_Week_32,15.7203,17.9832,82.8564,66.1227,85.7303,44.1185,87.2935,26.716,50.8765,32.3744,499.9821,695.2639,1195.246
Pharma_Company_02,Year_1_Week_33,37.9884,20.8572,68.9718,18.0212,52.4158,40.3611,70.9247,43.5258,47.1052,58.4555,505.9135,287.965,793.8785
Pharma_Company_02,Year_1_Week_34,39.2665,51.4701,59.5772,77.9743,98.1194,11.7395,85.4118,93.5768,94.1257,99.2922,602.4447,295.7998,898.2445
Pharma_Company_02,Year_1_Week_35,75.6646,28.57,17.8288,21.4942,67.0728,21.1932,87.2888,15.5628,32.5791,87.1778,458.4425,674.0499,1132.4924
Pharma_Company_02,Year_1_Week_36,67.3802,42.7843,46.7608,84.3461,21.3638,47.2278,77.352,18.3124,20.8403,18.763,557.1018,569.7744,1126.8762
Pharma_Company_02,Year_1_Week_37,89.8491,55.3076,43.542,80.3825,70.856,54.3578,49.529,24.6512,62.6089,73.5735,695.913,226.9163,922.8293
Pharma_Company_02,Year_1_Week_38,52.4993,72.1355,33.3778,73.787,39.2594,46.3861,64.9492,63.5692,97.239,41.1022,600.8988,573.5282,1174.427
Pharma_Company_02,Year_1_Week_39,20.7635,13.5381,75.1078,13.2544,71.7694,57.7844,24.4329,23.5425,44.0055,10.6284,407.5928,385.3506,792.9434
Pharma_Company_02,Year_1_Week_40,74.192,81.9469,54.6288,37.2816,16.2677,63.5619,70.6281,97.1269,15.5833,46.3133,571.5076,421.2351,992.7427
Pharma_Company_02,Year_1_Week_41,78.4707,66.511,17.2942,33.6801,25.7393,10.8931,26.1328,50.2043,40.5375,31.1279,416.3503,661.8389,1078.1892
Pharma_Company_02,Year_1_Week_42,60.5149,17.3583,29.8165,42.4123,87.0164,51.7686,72.4555,55.1366,55.5338,83.6982,498.7569,686.5611,1185.318
Pharma_Company_02,Year_1_Week_43,79.387,88.6221,71.4933,17.8878,30.4462,96.7149,30.6638,32.1993,24.5731,40.3598,688.2435,440.214,1128.4575
Pharma_Company_02,Year_1_Week_44,54.4416,92.8785,16.8518,94.3262,85.3337,56.7129,20.5796,52.3864,69.2292,84.4771,597.7451,768.2918,1366.0369
Pharma_Company_02,Year_1_Week_45,57.046,15.497,86.6086,59.8422,35.1348,70.9788,24.8756,69.5722,99.7974,10.0538,467.4695,443.8776,911.3471
Pharma_Company_02,Year_1_Week_46,48.4787,34.919,54.5632,37.4972,67.8594,38.0677,10.1793,77.6059,50.6566,37.7037,497.1624,663.1016,1160.264
Pharma_Company_02,Year_1_Week_47,12.2877,82.5581,53.2528,45.7283,72.4736,79.6592,74.6866,77.8481,41.9256,31.7049,563.8276,490.3264,1054.154
Pharma_Company_02,Year_1_Week_48,19.7102,77.3434,63.3167,50.2482,56.1389,79.5629,75.9161,62.0102,46.0634,31.0211,532.757,738.5194,1271.2764
Pharma_Company_02,Year_1_Week_49,12.8286,26.6069,84.2213,64.0535,37.478,56.9166,56.344,91.3924,20.3632,16.1368,430.4168,744.6567,1175.0735
Pharma_Company_02,Year_1_Week_50,67.2769,28.8414,41.3028,56.4111,29.138,97.8412,24.5227,83.5667,89.4946,26.8412,527.3262,252.4501,779.7763
Pharma_Company_02,Year_1_Week_51,38.292,43.3425,71.0215,92.7453,12.987,21.2995,17.5199,78.1343,47.3343,59.9995,498.1056,761.896,1260.0016
Pharma_Company_02,Year_1_Week_52,55.7714,53.6071,60.9159,54.7267,37.3552,11.5253,11.7216,15.0045,44.8547,36.2225,461.071,695.3209,1156.3919
Pharma_Company_03,Year_1_Week_01,91.681,65.6429,34.0325,99.2942,68.7847,79.3142,24.9173,10.619,69.3721,47.5655,726.519,674.7864,1401.3054
Pharma_Company_03,Year_1_Week_02,32.4363,43.2022,89.0767,86.6282,94.4474,82.644,90.177,29.1203,49.783,43.918,570.4537,320.5468,891.0005
Pharma_Company_03,Year_1_Week_03,46.9345,51.6281,81.7683,28.7659,88.4084,20.8187,31.7383,69.7171,68.341,88.8314,533.7608,683.0715,1216.8323
Pharma_Company_03,Year_1_Week_04,77.9996,77.2724,69.2607,93.7536,78.9458,33.9025,41.8844,47.0078,15.5302,91.4769,695.8527,710.0796,1405.9323
Pharma_Company_03,Year_1_Week_05,30.5918,13.3015,86.5524,20.473,80.9603,11.5797,19.4811,46.2166,83.2351,54.3661,405.1861,373.4902,778.6763
Pharma_Company_03,Year_1_Week_06,16.9282,32.7193,88.0565,83.5705,69.8486,36.3978,30.0125,89.6128,94.6454,39.714,514.0044,771.356,1285.3604
Pharma_Company_03,Year_1_Week_07,36.0776,74.2015,73.7527,44.2561,33.4258,79.5828,56.7302,90.6007,68.3889,19.6121,621.264,229.9161,851.1801
Pharma_Company_03,Year_1_Week_08,24.5099,90.5686,85.3312,89.0177,91.6476,56.6164,64.6977,91.8258,95.9109,95.8063,665.1535,289.9456,955.0991
Pharma_Company_03,Year_1_Week_09,93.6728,56.051,72.7724,88.1251,70.3659,41.3286,32.0817,38.249,23.6289,15.4204,722.181,522.5487,1244.7297
Pharma_Company_03,Year_1_Week_10,82.7308,57.8902,71.2127,82.5333,60.4397,43.4565,15.1959,72.195,52.9675,36.7885,708.0144,545.4755,1253.4899
Pharma_Company_03,Year_1_Week_11,67.0063,19.6455,65.675,81.1027,19.9891,10.1218,45.193,34.447,64.1626,36.826,564.0081,587.09,1151.0981
Pharma_Company_03,Year_1_Week_12,88.4315,50.2671,77.7445,37.4211,50.235,36.982,31.0783,27.1549,62.3563,38.8361,610.1746,210.1815,820.3561
Pharma_Company_03,Year_1_Week_13,82.3305,57.9356,24.2745,17.2827,51.4322,68.1813,29.7599,26.6169,46.1316,24.7858,547.4181,776.2201,1323.6382
Pharma_Company_03,Year_1_Week_14,26.7913,31.8223,89.2784,46.2682,87.8107,97.6775,96.3877,40.7897,40.4276,80.4845,530.8875,226.7529,757.6404
Pharma_Company_03,Year_1_Week_15,90.3303,34.2319,88.4659,25.6172,59.1983,86.2355,65.467,48.6962,21.4142,21.0248,601.9761,285.8372,887.8133
Pharma_Company_03,Year_1_Week_16,58.5408,43.9556,12.6323,72.5456,44.236,12.1235,60.1191,84.7854,45.2568,67.1416,520.5145,208.4087,728.9232
Pharma_Company_03,Year_1_Week_17,82.6696,11.8064,84.3235,41.149,97.912,90.8705,47.4198,20.7902,24.6395,21.1461,641.7459,540.1151,1181.861
Pharma_Company_03,Year_1_Week_18,90.6482,38.9871,21.5983,97.8049,19.9649,80.4879,48.605,76.1433,76.0929,16.3482,679.3239,759.3601,1438.684
Pharma_Company_03,Year_1_Week_19,38.6203,29.0303,40.1607,67.6875,48.0294,80.2339,58.6815,57.8309,28.7948,91.8487,447.6407,599.5683,1047.209
Pharma_Company_03,Year_1_Week_20,19.9047,39.4748,76.9157,84.0233,13.7822,51.2196,72.6787,35.9151,15.2709,27.1116,484.7676,693.5945,1178.3621
Pharma_Company_03,Year_1_Week_21,30.5142,20.7786,24.4684,21.9272,76.5914,45.8205,73.1931,54.3538,59.713,83.9125,448.4432,207.9687,656.4119
Pharma_Company_03,Year_1_Week_22,48.4397,90.1475,83.617,87.5813,92.6269,37.2624,25.4525,36.9948,63.5707,59.0168,713.989,525.2092,1239.1982
Pharma_Company_03,Year_1_Week_23,83.6213,63.4233,84.8921,93.0481,35.2034,15.9125,55.0101,63.6474,88.4722,17.0071,732.0387,475.7378,1207.7765
Pharma_Company_03,Year_1_Week_24,87.4658,71.1192,55.6721,53.8356,87.2508,30.5412,47.0762,49.046,61.9283,95.9903,700.2782,499.3808,1199.659
Pharma_Company_03,Year_1_Week_25,10.6257,81.0254,10.5747,64.5628,36.2996,32.1943,88.3474,24.7965,41.0933,32.2265,369.3706,243.3279,612.6985
Pharma_Company_03,Year_1_Week_26,55.9673,54.8598,35.8334,78.8329,91.9693,53.5669,66.8277,20.4925,82.2711,87.3681,655.4058,610.6612,1266.067
Pharma_Company_03,Year_1_Week_27,47.567,17.8228,65.5234,25.7355,77.8566,77.27,57.9254,59.2026,58.6251,25.1929,498.7631,501.9322,1000.6953
Pharma_Company_03,Year_1_Week_28,29.9897,58.3396,98.3068,55.2309,82.4416,52.6429,20.3855,91.2172,17.1352,86.8549,604.4302,659.0893,1263.5195
Pharma_Company_03,Year_1_Week_29,20.7879,62.8157,66.8632,45.8797,11.6206,15.206,64.5074,40.9562,60.9266,11.1906,385.3516,491.1744,876.526
Pharma_Company_03,Year_1_Week_30,40.3854,77.0896,33.3823,23.1737,96.6529,96.2011,20.5484,75.97,91.7217,56.0602,543.7989,289.629,833.4279
Pharma_Company_03,Year_1_Week_31,94.8619,48.8494,67.0605,43.0781,75.4004,94.8452,40.3486,69.2795,45.6681,79.2498,767.2538,588.9542,1356.208
Pharma_Company_03,Year_1_Week_32,39.0883,21.4822,58.5987,16.1355,37.4276,80.6671,22.8558,93.8399,36.6693,94.1316,416.9289,303.4318,720.3607
Pharma_Company_03,Year_1_Week_33,56.6912,35.5398,80.1861,12.3231,84.6455,99.2195,72.2866,83.8883,22.9123,91.8282,659.1425,723.4367,1382.5792
Pharma_Company_03,Year_1_Week_34,73.2717,42.6774,19.6283,22.165,35.3369,59.0034,28.5627,60.9945,23.6301,83.7662,468.4661,567.8697,1036.3358
Pharma_Company_03,Year_1_Week_35,42.7267,68.1326,78.4925,96.6804,88.5478,96.6492,45.2673,69.1327,48.9494,89.9372,663.3044,294.3223,957.6267
Pharma_Company_03,Year_1_Week_36,97.4604,61.37,58.714,59.4577,20.1322,16.8045,90.6107,90.8548,63.6112,27.9298,721.3054,777.4028,1498.7082
Pharma_Company_03,Year_1_Week_37,96.6203,42.0487,96.6693,96.924,73.3317,42.9113,28.3885,45.9567,17.2554,35.5766,735.866,511.0193,1246.8853
Pharma_Company_03,Year_1_Week_38,32.6604,98.7864,40.7685,48.9248,58.6629,30.2843,55.7025,39.4115,94.5612,36.0072,576.7779,243.7391,820.517
Pharma_Company_03,Year_1_Week_39,54.7524,64.5197,66.936,38.0635,18.6881,27.625,47.7344,10.973,77.962,43.9349,513.8806,576.0997,1089.9803
Pharma_Company_03,Year_1_Week_40,37.079,31.3504,93.8825,55.5528,31.7704,22.6723,11.6312,84.3896,62.7962,45.3989,436.8215,351.9193,788.7408
Pharma_Company_03,Year_1_Week_41,35.6356,19.1604,19.2259,49.5561,11.1164,66.0172,81.3482,82.0883,84.5595,59.01,411.2258,682.2161,1093.4419
Pharma_Company_03,Year_1_Week_42,13.3198,23.7573,94.3506,19.5098,52.1891,80.319,16.2141,19.4009,17.2168,24.3892,452.2107,690.6932,1142.9039
Pharma_Company_03,Year_1_Week_43,64.8608,32.1362,71.9097,67.6744,37.1139,62.0469,52.683,61.9172,52.9155,72.2122,607.2953,787.3684,1394.6637
Pharma_Company_03,Year_1_Week_44,55.2411,24.4613,16.1053,29.4434,63.8522,23.2266,60.461,51.7584,66.7084,25.081,421.5939,501.1217,922.7156
Pharma_Company_03,Year_1_Week_45,14.6331,26.791,37.0867,65.7629,36.7514,83.0011,66.5584,20.6838,84.5788,37.9278,439.9978,472.9741,912.9719
Pharma_Company_03,Year_1_Week_46,35.0782,35.6586,73.7355,68.5181,36.9927,67.2359,71.9768,98.2511,80.5123,55.3011,572.486,652.0854,1224.5714
Pharma_Company_03,Year_1_Week_47,91.7439,25.6036,16.0616,23.6822,76.8874,44.9349,32.7945,29.3226,34.9362,81.6797,513.5258,279.4824,793.0082
Pharma_Company_03,Year_1_Week_48,31.5606,90.7089,62.3953,15.5215,14.3329,70.6717,10.8981,16.0511,94.6792,76.5522,442.8878,528.1493,971.0371
Pharma_Company_03,Year_1_Week_49,23.0405,17.221,41.1295,80.2685,91.2605,33.3914,75.1099,63.5363,21.1911,68.0981,466.9154,527.7486,994.664
Pharma_Company_03,Year_1_Week_50,54.0507,57.206,65.8824,51.382,86.7037,41.0673,58.2091,76.498,88.762,24.0196,665.6348,253.6839,919.3187
Pharma_Company_03,Year_1_Week_51,98.7085,46.9357,14.1168,15.2347,70.1024,92.5737,85.2506,12.9199,97.3846,59.2341,604.8845,450.7905,1055.675
Pharma_Company_03,Year_1_Week_52,31.785,98.4141,88.4383,99.538,63.3899,36.1454,83.925,69.2846,25.9438,17.8702,751.2818,711.9709,1463.2527
Pharma_Company_04,Year_1_Week_01,70.4922,20.0835,97.614,15.2003,90.3072,52.2989,85.8994,57.9063,74.9859,43.9627,632.1142,713.6922,1345.8064
Pharma_Company_04,Year_1_Week_02,78.5458,45.807,97.199,72.5532,26.6797,90.1127,53.6585,19.2939,13.6257,47.2165,650.8209,259.5426,910.3635
Pharma_Company_04,Year_1_Week_03,31.3874,97.2523,77.4687,98.5311,17.1072,73.6949,40.0266,25.5271,46.4881,13.583,654.9612,254.4325,909.3937
Pharma_Company_04,Year_1_Week_04,75.5395,87.8956,21.7078,31.5262,31.5559,15.5983,81.2402,61.1177,56.4655,34.6589,572.3592,357.6173,929.9765
Pharma_Company_04,Year_1_Week_05,43.1005,83.5365,78.2437,22.8024,81.512,23.2573,50.6165,36.6722,62.2581,96.0085,606.8138,724.8596,1331.6734
Pharma_Company_04,Year_1_Week_06,66.9075,33.2113,12.2128,20.9246,13.1203,10.7057,26.5098,94.4484,94.2344,95.8269,390.8429,277.3416,668.1845
Pharma_Company_04,Year_1_Week_07,67.0177,25.3799,11.9911,37.2948,62.4526,66.783,86.9477,83.6866,70.5026,41.7094,527.3135,631.9981,1159.3116
Pharma_Company_04,Year_1_Week_08,58.2197,70.1779,39.1249,19.0941,99.5894,50.2906,89.4304,98.521,53.315,13.879,647.5987,260.6994,908.2981
Pharma_Company_04,Year_1_Week_09,18.1261,93.6438,53.9779,72.2945,87.0126,22.0847,51.9679,33.3704,82.8708,26.1185,576.5509,573.8827,1150.4336
Pharma_Company_04,Year_1_Week_10,85.1772,60.1087,79.3367,15.6063,56.9301,96.2141,16.813,97.2751,95.548,45.2996,639.0131,413.6404,1052.6535
Pharma_Company_04,Year_1_Week_11,38.8702,61.4451,71.4966,55.848,15.7277,57.6694,44.9043,48.811,11.986,95.3002,477.4735,673.3484,1150.8219
Pharma_Company_04,Year_1_Week_12,26.7867,35.1981,50.1312,99.7027,84.8236,31.7704,82.3184,41.2767,98.4269,22.7079,576.4323,340.2143,916.6466
Pharma_Company_04,Year_1_Week_13,13.6698,79.2544,34.6264,83.2573,63.9081,55.0543,91.1597,14.5315,17.7519,78.7164,511.8051,583.5211,1095.3262
Pharma_Company_04,Year_1_Week_14,63.1804,26.8339,99.7412,65.3697,20.344,71.1658,28.3125,14.7489,83.2948,19.7814,560.6899,341.4095,902.0994
Pharma_Company_04,Year_1_Week_15,70.9808,39.1311,48.3563,37.5628,18.4472,16.8615,16.0276,72.281,35.2301,98.3132,428.8021,628.1962,1056.9983
Pharma_Company_04,Year_1_Week_16,11.4929,48.2893,50.6248,66.1506,91.8664,34.7233,88.9615,51.2136,21.8962,44.3455,454.9713,724.2068,1179.1781
Pharma_Company_04,Year_1_Week_17,56.0884,55.6849,24.7261,57.4337,70.228,82.6269,45.0464,30.3869,49.587,79.7711,494.9589,276.0811,771.04
Pharma_Company_04,Year_1_Week_18,30.3846,31.8169,81.5329,48.3475,84.6358,51.3698,58.7585,65.2573,67.9561,40.8332,536.4648,719.9574,1256.4222
Pharma_Company_04,Year_1_Week_19,68.0656,20.3353,72.4314,21.7639,89.1081,59.1919,97.1259,32.7572,44.2857,66.4902,571.3054,556.1452,1127.4506
Pharma_Company_04,Year_1_Week_20,25.693,64.9558,29.8693,89.7944,61.4595,48.9534,15.9908,61.9869,14.9109,27.2814,457.1335,276.2663,733.3998
Pharma_Company_04,Year_1_Week_21,72.1844,35.9767,17.4143,50.4806,56.5702,13.951,68.3486,42.3288,63.9515,23.1419,500.2353,456.5251,956.7604
Pharma_Company_04,Year_1_Week_22,44.8062,62.3114,71.2449,27.516,48.7385,24.9175,16.6695,84.1197,91.2163,94.4258,533.7089,296.5162,830.2251
Pharma_Company_04,Year_1_Week_23,94.3057,23.8926,68.906,43.0983,38.5252,50.0987,43.7922,83.8627,44.4894,92.5883,680.042,620.2087,1300.2507
Pharma_Company_04,Year_1_Week_24,22.3769,53.3026,34.5934,47.2717,49.1136,28.8267,82.3433,52.9615,29.4699,89.8722,384.7589,655.3209,1040.0798
Pharma_Company_04,Year_1_Week_25,40.696,57.933,95.5777,84.4784,79.6492,14.4981,49.0125,41.5737,49.832,66.289,654.9736,263.4779,918.4515
Pharma_Company_04,Year_1_Week_26,20.2126,14.6641,23.5952,76.0253,64.1731,85.9285,99.7464,42.6304,14.3526,82.7441,465.1451,503.6839,968.829
Pharma_Company_04,Year_1_Week_27,93.2224,40.2944,48.9101,79.2374,90.3271,98.3073,60.3153,82.5143,83.8439,16.2133,746.9118,688.775,1435.6868
Pharma_Company_04,Year_1_Week_28,88.9605,22.0973,94.9254,10.9928,49.9042,81.3829,38.9046,39.5362,84.3707,40.131,628.9682,761.6978,1390.666
Pharma_Company_04,Year_1_Week_29,33.2147,15.7037,47.7755,47.4539,64.6381,86.8406,29.81,28.8153,62.92,38.2333,421.0867,508.1107,929.1974
Pharma_Company_04,Year_1_Week_30,69.3986,99.0964,67.4673,53.321,66.8177,31.7779,41.5468,17.622,41.7793,67.2081,679.1741,770.1675,1449.3416
Pharma_Company_04,Year_1_Week_31,83.55,39.0118,45.7835,11.7273,63.2527,96.4564,43.528,52.0024,81.9805,42.0362,645.3111,521.4134,1166.7245
Pharma_Company_04,Year_1_Week_32,59.9681,82.8887,34.6794,33.3832,73.237,27.7233,16.1842,53.3919,59.9218,23.3656,572.7777,436.5143,1009.292
Pharma_Company_04,Year_1_Week_33,57.6686,32.9177,98.558,78.4261,31.369,95.6287,43.2617,85.6818,84.3339,63.682,678.4596,708.9219,1387.3815
Pharma_Company_04,Year_1_Week_34,31.7667,71.3352,46.8401,22.3399,56.1127,99.5337,51.7815,29.9115,66.8313,83.2946,505.3241,495.7896,1001.1137
Pharma_Company_04,Year_1_Week_35,18.3792,78.4205,90.4689,58.1779,19.3802,74.0551,75.0464,44.2892,80.5965,44.3911,529.2564,483.1415,1012.3979
Pharma_Company_04,Year_1_Week_36,90.7494,63.6075,30.6959,29.3682,44.606,98.3029,69.1057,82.7565,63.8707,21.9042,666.7103,494.1875,1160.8978
Pharma_Company_04,Year_1_Week_37,91.0376,52.4419,29.1794,11.0909,53.89,61.2586,73.7889,84.1261,47.2727,27.7019,644.2674,708.071,1352.3384
Pharma_Company_04,Year_1_Week_38,66.9791,47.0657,12.8021,31.7081,68.7002,33.3588,10.7527,44.615,96.2151,31.3735,431.0858,699.1649,1130.2507
Pharma_Company_04,Year_1_Week_39,40.5127,41.3981,68.65,97.8286,95.5478,49.3296,29.5901,51.3212,58.7002,36.9908,571.6128,442.112,1013.7248
Pharma_Company_04,Year_1_Week_40,41.4289,93.6576,43.1674,82.1383,64.0586,63.4205,69.5516,37.2957,64.4581,67.8516,649.0131,399.9799,1048.993
Pharma_Company_04,Year_1_Week_41,75.336,84.7557,87.7922,96.3619,76.9235,16.5773,53.559,93.9299,29.8439,64.0851,757.3454,495.1568,1252.5022
Pharma_Company_04,Year_1_Week_42,90.7399,96.8524,52.5889,53.9069,55.5639,66.0109,10.4782,20.6779,66.3086,72.6472,685.067,543.6635,1228.7305
Pharma_Company_04,Year_1_Week_43,89.8378,21.1868,97.1374,19.8763,67.0694,98.306,82.4045,94.0374,61.4447,42.6252,706.3973,343.0023,1049.3996
Pharma_Company_04,Year_1_Week_44,80.1888,75.7781,26.6973,59.3164,16.3839,27.1097,79.5529,71.548,26.6355,84.1598,560.6906,676.3731,1237.0637
Pharma_Company_04,Year_1_Week_45,67.7828,94.4506,88.1761,50.894,32.8952,81.3336,59.3577,57.8415,15.3628,28.3679,690.1802,491.8897,1182.0699
Pharma_Company_04,Year_1_Week_46,17.5726,26.311,79.8937,85.9921,42.5668,91.7109,15.9817,12.9393,64.3923,52.2137,491.8498,400.4273,892.2771
Pharma_Company_04,Year_1_Week_47,24.5466,15.9847,79.383,18.8274,52.5244,94.9331,78.9864,52.8037,78.7323,82.0845,431.2773,264.0926,695.3699
Pharma_Company_04,Year_1_Week_48,90.8699,76.7009,86.0305,53.9417,14.1084,96.4122,62.5342,46.6973,57.1061,26.2143,704.7424,343.3071,1048.0495
Pharma_Company_04,Year_1_Week_49,64.5786,61.7026,78.4922,23.5044,22.6022,56.9314,80.3764,24.5097,30.4095,19.8877,558.2581,769.5687,1327.8268
Pharma_Company_04,Year_1_Week_50,10.8277,85.7646,66.3598,39.2208,34.9133,97.9577,77.6572,69.0769,69.987,89.5316,575.3486,383.0598,958.4084
Pharma_Company_04,Year_1_Week_51,19.1324,22.5795,21.812,76.3621,97.4379,78.1579,82.2702,97.4036,17.2095,40.8637,482.1637,301.3156,783.4793
Pharma_Company_04,Year_1_Week_52,69.7152,81.5741,12.9274,52.8416,39.8212,24.5504,56.6207,60.597,49.765,71.5483,548.2519,476.4037,1024.6556
Pharma_Company_05,Year_1_Week_01,10.4555,28.1465,92.8763,43.8299,53.3837,52.921,22.6292,74.3278,24.703,12.2814,428.2705,384.2526,812.5231
Pharma_Company_05,Year_1_Week_02,24.4727,24.729,65.4985,45.5029,27.6488,74.6498,70.4042,16.1605,26.6013,72.1042,363.7809,221.0956,584.8765
Pharma_Company_05,Year_1_Week_03,59.386,24.7839,81.6884,51.3502,64.9702,32.2606,65.8426,47.59,28.2065,38.4491,573.0728,393.8871,966.9599
Pharma_Company_05,Year_1_Week_04,72.2706,83.3117,53.337,80.6515,35.2615,67.6554,76.8028,20.4723,44.8036,15.0167,700.2069,526.4652,1226.6721
Pharma_Company_05,Year_1_Week_05,68.6765,69.8677,20.5577,90.2876,28.6293,69.994,25.2893,65.1516,14.6035,64.8831,577.375,531.0274,1108.4024
Pharma_Company_05,Year_1_Week_06,30.1842,57.0759,21.2667,95.9801,56.4915,24.643,27.5478,94.4634,45.8014,31.6723,517.9495,413.9354,931.8849
Pharma_Company_05,Year_1_Week_07,74.0961,42.2947,71.7009,80.8213,10.4955,60.8577,90.1369,69.56,56.0537,44.8127,620.7756,468.3817,1089.1573
Pharma_Company_05,Year_1_Week_08,31.3524,88.948,48.7275,38.3866,10.6898,79.4464,77.498,16.9123,53.4965,17.2523,550.7511,779.3108,1330.0619
Pharma_Company_05,Year_1_Week_09,39.286,45.3201,28.0472,71.9321,29.7162,54.9006,91.7406,41.92,44.4506,23.2447,492.8227,426.4091,919.2318
Pharma_Company_05,Year_1_Week_10,77.1842,83.4939,54.2435,49.3843,13.3049,11.0893,78.2844,59.5597,85.5232,36.818,621.6286,354.9361,976.5647
Pharma_Company_05,Year_1_Week_11,68.467,49.5221,15.7788,32.9204,19.7223,10.8135,63.744,46.2887,23.0794,18.0784,439.6391,346.0802,785.7193
Pharma_Company_05,Year_1_Week_12,86.4301,43.925,62.3774,85.6784,40.4975,42.1326,68.8719,85.028,55.5127,91.9744,687.1703,474.6588,1161.8291
Pharma_Company_05,Year_1_Week_13,69.1852,51.6412,34.2094,13.4584,82.2327,93.3575,90.0215,83.3204,15.5837,10.5442,650.0958,655.7121,1305.8079
Pharma_Company_05,Year_1_Week_14,61.1478,37.124,81.7803,91.1586,61.4844,30.5809,62.0926,65.0648,16.404,53.5474,598.5501,323.5929,922.143
Pharma_Company_05,Year_1_Week_15,18.4307,77.2848,37.9326,51.533,56.1401,67.0927,66.9152,43.6112,61.6479,21.0923,481.6935,625.5777,1107.2712
Pharma_Company_05,Year_1_Week_16,43.0944,55.2448,50.9698,67.3481,36.414,29.9868,24.0829,32.9803,60.9417,37.6911,516.1913,212.6899,728.8812
Pharma_Company_05,Year_1_Week_17,33.8682,30.8991,11.0458,69.3419,93.8578,38.9503,52.6529,19.5287,89.023,93.3454,427.3219,451.3598,878.6817
Pharma_Company_05,Year_1_Week_18,31.9591,90.9617,16.5202,90.5606,45.7314,86.3238,74.4757,41.9408,60.2086,24.5525,616.446,665.519,1281.965
Pharma_Company_05,Year_1_Week_19,97.5709,44.5502,45.3244,67.3003,17.8383,75.5975,34.3848,47.1855,96.3812,96.9249,698.2549,403.2398,1101.4947
Pharma_Company_05,Year_1_Week_20,45.3788,58.9198,53.1945,65.254,65.536,18.5859,28.2029,70.8241,14.3825,28.5215,514.4946,538.2423,1052.7369
Pharma_Company_05,Year_1_Week_21,90.2842,91.5825,64.0018,15.9987,20.2455,48.5832,38.2444,69.2344,18.8207,76.7409,670.4043,322.9875,993.3918
Pharma_Company_05,Year_1_Week_22,66.8025,66.1814,36.2496,56.6567,41.0701,12.6253,31.7351,16.3097,13.9659,59.201,472.9745,645.1972,1118.1717
Pharma_Company_05,Year_1_Week_23,81.533,20.5208,72.5484,23.5152,55.6671,53.2801,29.3421,45.5733,26.6749,89.6031,566.3792,231.3675,797.7467
Pharma_Company_05,Year_1_Week_24,55.2373,94.5849,87.411,76.369,88.68,69.6191,48.2366,26.3601,58.7143,59.8594,757.0709,711.5256,1468.5965
Pharma_Company_05,Year_1_Week_25,61.9213,66.4937,80.1866,56.1,54.4192,20.6652,91.7055,24.1131,68.1015,58.1103,656.2996,318.9178,975.2174
Pharma_Company_05,Year_1_Week_26,54.3266,40.1415,13.5657,71.2205,73.2033,35.9996,55.6354,84.4572,14.1027,27.5912,492.7896,724.6388,1217.4284
Pharma_Company_05,Year_1_Week_27,27.5719,22.5345,53.2456,13.7506,99.3535,45.8053,26.9128,13.7724,95.1374,24.9606,351.8069,411.5175,763.3244
Pharma_Company_05,Year_1_Week_28,75.0207,81.4623,19.4437,17.6313,21.834,92.7578,16.9275,47.7265,85.7949,92.484,572.0998,633.6101,1205.7099
Pharma_Company_05,Year_1_Week_29,35.2695,65.8065,31.7841,74.4691,34.7258,99.393,72.6541,25.1383,36.6951,39.5054,477.4921,391.5352,869.0273
Pharma_Company_05,Year_1_Week_30,12.1884,58.0115,98.7996,16.4876,45.5118,14.042,44.4519,89.1397,16.9469,43.4874,433.3092,743.547,1176.8562
Pharma_Company_05,Year_1_Week_31,68.0925,90.4503,22.8246,16.4131,47.9645,78.4907,83.9648,60.1336,25.2898,78.3841,636.0147,275.9823,911.997
Pharma_Company_05,Year_1_Week_32,25.94,80.9737,54.8999,11.0898,46.9919,43.4552,69.356,30.8243,21.425,40.4941,469.35,307.1119,776.4619
Pharma_Company_05,Year_1_Week_33,94.6413,23.6507,65.634,96.0851,91.685,45.3212,81.6617,55.2185,21.0955,95.6856,789.3493,495.8181,1285.1674
Pharma_Company_05,Year_1_Week_34,95.8536,38.055,73.2218,76.3758,74.2629,77.8838,34.4751,75.8338,56.6706,76.4135,775.1612,249.1631,1024.3243
Pharma_Company_05,Year_1_Week_35,92.3378,32.364,60.3684,41.7926,64.7115,92.6584,72.3123,96.2306,32.1263,63.7686,675.864,317.5881,993.4521
Pharma_Company_05,Year_1_Week_36,43.3143,76.9552,10.8794,36.6882,37.8435,95.5836,33.7656,29.8401,42.2326,89.2806,482.1683,766.2598,1248.4281
Pharma_Company_05,Year_1_Week_37,11.3911,13.0179,39.3815,41.4733,84.1411,61.941,94.5162,89.7564,99.0555,14.4645,436.0574,785.8938,1221.9512
Pharma_Company_05,Year_1_Week_38,93.5487,61.2901,56.594,79.7188,95.9554,42.1409,67.2737,94.0874,71.5883,33.1356,741.2718,425.7556,1167.0274
Pharma_Company_05,Year_1_Week_39,48.5366,78.6213,17.908,69.5234,83.9078,80.8794,39.2061,92.4778,95.4083,51.8533,605.5621,753.9716,1359.5337
Pharma_Company_05,Year_1_Week_40,96.9989,88.9089,41.5564,26.6676,10.1409,32.5901,34.2561,67.1873,22.8301,30.4281,600.081,526.8948,1126.9758
Pharma_Company_05,Year_1_Week_41,96.7258,40.7874,12.9883,25.6698,67.2761,60.7667,27.1834,66.6839,44.3926,76.9515,505.354,361.8455,867.1995
Pharma_Company_05,Year_1_Week_42,86.7709,83.9132,17.0721,18.8556,14.6022,42.2721,72.5177,46.289,59.9259,92.7287,575.2891,621.4392,1196.7283
Pharma_Company_05,Year_1_Week_43,36.5004,19.9569,45.7231,69.4272,33.1846,69.0968,29.6844,77.7158,16.9082,48.1393,432.0701,595.3411,1027.4112
Pharma_Company_05,Year_1_Week_44,44.6588,86.1807,21.9444,78.7935,15.3572,31.6359,63.5773,57.8165,10.3769,40.7919,470.1774,793.4752,1263.6526
Pharma_Company_05,Year_1_Week_45,86.6023,21.474,61.0787,33.8542,64.3416,27.2434,33.8172,70.9694,70.3391,96.5396,583.2435,359.0284,942.2719
Pharma_Company_05,Year_1_Week_46,38.523,45.7559,72.0518,11.885,71.7931,92.6415,69.5772,48.5612,67.7638,50.0367,569.4087,603.2357,1172.6444
Pharma_Company_05,Year_1_Week_47,25.2543,81.7566,82.0528,17.3955,20.3039,19.1623,83.3446,75.8347,46.971,54.0144,512.097,231.2143,743.3113
Pharma_Company_05,Year_1_Week_48,60.1121,23.4926,28.0135,97.1074,44.5455,55.5362,80.0223,84.2024,54.068,41.6485,556.7281,268.1876,824.9157
Pharma_Company_05,Year_1_Week_49,94.2539,30.6326,25.0734,36.59,51.0613,29.8768,78.4766,23.1793,47.3899,91.8594,564.5887,202.351,766.9397
Pharma_Company_05,Year_1_Week_50,72.6427,75.0027,19.4111,79.2301,43.2148,13.5037,26.895,84.9637,12.1605,61.206,594.7137,799.6764,1394.3901
Pharma_Company_05,Year_1_Week_51,61.3055,74.8033,67.2787,66.2197,20.8923,13.2417,17.9546,58.6267,40.1834,78.5957,575.1969,681.3642,1256.5611
Pharma_Company_05,Year_1_Week_52,18.7459,67.7033,73.5828,44.3746,47.7053,25.77,72.9054,86.0199,25.9374,83.0626,481.5114,672.0338,1153.5452
Pharma_Company_06,Year_1_Week_01,65.3507,72.4554,12.8428,28.5119,77.606,88.0093,43.1512,48.8172,18.8582,40.7664,576.9282,505.8356,1082.7638
Pharma_Company_06,Year_1_Week_02,99.1048,58.8452,94.2591,20.9248,16.3907,35.4231,48.9112,44.1136,96.1048,49.0325,705.7225,380.0402,1085.7627
Pharma_Company_06,Year_1_Week_03,22.6076,32.6619,14.6774,65.3512,17.2162,95.5413,12.8034,92.3555,63.9424,86.3625,370.3426,290.7586,661.1012
Pharma_Company_06,Year_1_Week_04,56.6497,41.1126,58.7167,79.717,41.9294,62.346,33.3619,32.6052,75.5791,42.693,627.7664,370.8048,998.5712
Pharma_Company_06,Year_1_Week_05,88.9636,26.3438,73.8154,67.9514,94.7553,49.2953,13.0309,85.9791,38.3827,81.4542,661.9339,425.5827,1087.5166
Pharma_Company_06,Year_1_Week_06,76.6692,91.7606,88.3872,57.7272,70.1715,62.208,89.1267,53.5619,45.3832,94.6893,797.724,653.7861,1451.5101
Pharma_Company_06,Year_1_Week_07,72.7314,62.5053,74.2678,13.7756,71.0803,56.5029,31.9057,56.2686,31.3232,66.0889,592.79,523.7971,1116.5871
Pharma_Company_06,Year_1_Week_08,73.2236,46.0766,82.1555,97.164,42.5728,78.2899,60.1603,37.7621,18.7269,76.7465,698.9858,246.4902,945.476
Pharma_Company_06,Year_1_Week_09,42.3542,51.5805,40.5505,81.8843,63.4295,35.4246,13.5081,61.5738,26.1128,82.4588,453.8672,210.8174,664.6846
Pharma_Company_06,Year_1_Week_10,36.4233,95.2555,83.3343,36.354,10.9118,41.7745,70.0163,39.269,81.7763,86.0536,559.5578,261.3993,820.9571
Pharma_Company_06,Year_1_Week_11,82.8425,23.8016,17.2103,98.1973,67.2486,90.4685,39.0725,13.5342,70.9791,45.5548,572.4414,446.2992,1018.7406
Pharma_Company_06,Year_1_Week_12,82.9102,62.7607,90.5335,64.1693,92.1958,95.1811,90.8127,34.4799,59.2236,14.6137,820.607,759.9158,1580.5228
Pharma_Company_06,Year_1_Week_13,88.0365,55.53,59.2833,62.418,65.1316,90.3302,89.9306,10.5741,52.7581,46.1689,752.7743,582.4415,1335.2158
Pharma_Company_06,Year_1_Week_14,92.1916,65.0309,83.5568,77.3266,88.6329,47.7503,39.2762,98.0519,93.0191,70.6381,834.7385,681.0955,1515.834
Pharma_Company_06,Year_1_Week_15,56.0208,11.6299,50.7086,83.0593,75.1576,80.2329,91.0865,96.9172,16.5461,50.5315,533.3013,479.8248,1013.1261
Pharma_Company_06,Year_1_Week_16,55.1365,88.4912,67.922,69.0831,20.8503,52.8702,99.6542,45.564,35.2541,77.4067,720.4599,416.9996,1137.4595
Pharma_Company_06,Year_1_Week_17,81.8466,93.8906,57.3762,21.5286,91.2208,54.7786,84.2874,75.5534,41.4944,42.1284,755.0159,265.0402,1020.0561
Pharma_Company_06,Year_1_Week_18,68.4968,60.862,75.8431,40.4441,15.9799,28.4212,86.0384,41.1225,80.4183,67.127,577.1259,725.5598,1302.6857
Pharma_Company_06,Year_1_Week_19,73.177,72.6986,17.3467,93.5275,58.0571,63.2017,32.4108,70.3984,99.3263,26.7778,667.7054,669.896,1337.6014
Pharma_Company_06,Year_1_Week_20,81.6213,93.0249,15.4317,30.2154,22.7923,26.7522,61.9032,82.4887,31.6603,77.4432,590.7831,300.8709,891.654
Pharma_Company_06,Year_1_Week_21,90.1005,73.6515,32.2393,43.495,11.0536,39.8408,16.053,95.2081,88.6877,59.1126,584.7652,507.3563,1092.1215
Pharma_Company_06,Year_1_Week_22,40.4196,23.7285,24.359,48.8869,47.9831,86.9527,18.5426,46.0191,84.756,28.3658,431.9459,492.4249,924.3708
Pharma_Company_06,Year_1_Week_23,43.8025,61.866,88.4605,49.5464,36.5537,28.6368,99.9003,80.4968,30.2192,36.272,582.2552,575.0549,1157.3101
Pharma_Company_06,Year_1_Week_24,18.4584,64.6044,29.7293,65.1646,53.74,16.4042,39.3975,33.9336,45.9399,77.3748,401.9764,767.7121,1169.6885
Pharma_Company_06,Year_1_Week_25,62.0452,48.1718,97.8279,94.8768,61.948,16.2107,77.3366,99.1299,46.8706,53.4341,686.9151,547.8629,1234.778
Pharma_Company_06,Year_1_Week_26,13.2348,76.28,40.3206,31.6623,13.9365,94.6706,82.5999,12.3193,98.0399,29.4428,411.598,524.1304,935.7284
Pharma_Company_06,Year_1_Week_27,51.9038,94.093,26.3906,20.9351,21.0703,55.6228,87.2221,64.3176,26.2803,97.0544,545.2578,230.1938,775.4516
Pharma_Company_06,Year_1_Week_28,58.838,93.3012,81.0729,27.7723,60.2778,46.8471,99.7865,69.3555,81.9242,74.3613,726.1609,237.7445,963.9054
Pharma_Company_06,Year_1_Week_29,35.7887,50.5755,69.2837,89.8232,40.8851,82.9791,31.7347,71.9241,40.0773,96.1421,592.2933,312.4081,904.7014
Pharma_Company_06,Year_1_Week_30,63.175,20.1914,54.8376,68.123,75.6256,85.2243,13.6316,20.8349,75.7783,48.4395,582.0169,219.4825,801.4994
Pharma_Company_06,Year_1_Week_31,12.745,98.6357,59.9827,35.7316,68.7062,39.8972,47.0072,94.4677,47.801,52.759,549.6413,646.0117,1195.653
Pharma_Company_06,Year_1_Week_32,13.3613,85.5008,74.7282,83.4352,86.1044,72.4256,21.7073,26.3065,62.0524,90.816,577.2188,633.9982,1211.217
Pharma_Company_06,Year_1_Week_33,84.0341,21.2196,30.5609,87.5233,72.3244,79.4011,12.0183,66.0478,84.9351,57.2544,643.909,281.6337,925.5427
Pharma_Company_06,Year_1_Week_34,42.4172,92.8758,99.6701,86.1863,48.6938,68.9186,42.4384,30.0408,82.3749,73.6551,667.1742,701.6473,1368.8215
Pharma_Company_06,Year_1_Week_35,21.4354,88.2907,97.7314,92.7034,70.567,23.6436,80.5364,37.6495,87.9781,32.6956,638.6954,292.8716,931.567
Pharma_Company_06,Year_1_Week_36,57.0019,56.6954,68.5293,32.7017,34.7843,88.8295,60.9563,59.1813,15.3656,50.2054,551.7844,380.7054,932.4898
Pharma_Company_06,Year_1_Week_37,79.2994,63.2148,27.9588,77.9538,37.5682,58.5185,38.15,47.5474,72.2845,21.1105,652.3266,349.3861,1001.7127
Pharma_Company_06,Year_1_Week_38,29.4239,45.9102,71.2205,51.4486,81.0087,35.4225,68.8908,24.4203,22.5989,28.5382,535.4957,423.3843,958.88
Pharma_Company_06,Year_1_Week_39,66.0601,14.9285,16.4979,85.7799,50.1778,48.2705,30.8816,25.3843,47.4237,10.0849,484.8661,352.7983,837.6644
Pharma_Company_06,Year_1_Week_40,17.6813,40.1678,12.7587,75.5642,81.8542,13.3814,11.2943,47.633,59.373,13.5339,404.1081,493.3706,897.4787
Pharma_Company_06,Year_1_Week_41,14.6514,82.2568,33.1915,79.8803,84.018,21.508,78.7918,78.1555,46.2466,97.9555,516.2163,444.4447,960.661
Pharma_Company_06,Year_1_Week_42,57.8219,10.4169,51.6361,69.0546,87.1806,78.8992,66.1369,90.8168,56.7651,31.8118,604.6807,791.9417,1396.6224
Pharma_Company_06,Year_1_Week_43,58.6572,40.0149,88.1445,25.9686,92.4972,10.001,78.6072,17.5715,99.6874,69.698,584.2401,233.5558,817.7959
Pharma_Company_06,Year_1_Week_44,67.3687,45.8352,75.4452,59.0524,48.7887,47.4909,13.5044,45.3794,22.1696,85.519,599.411,285.3088,884.7198
Pharma_Company_06,Year_1_Week_45,75.3482,58.3656,76.8436,98.6203,38.698,57.0259,85.3408,19.0221,70.791,59.5594,713.4569,231.6955,945.1524
Pharma_Company_06,Year_1_Week_46,97.8267,92.787,48.2944,94.3649,62.3979,14.9171,65.7574,11.4933,45.6401,23.783,745.0803,575.5047,1320.585
Pharma_Company_06,Year_1_Week_47,56.467,41.1711,41.1341,13.8856,43.4055,97.577,60.7056,69.5547,21.9709,75.5305,526.4899,232.7056,759.1955
Pharma_Company_06,Year_1_Week_48,39.0661,41.2258,43.3935,24.8333,64.0967,30.3513,66.2153,64.2204,24.2863,64.0226,474.9847,701.8638,1176.8485
Pharma_Company_06,Year_1_Week_49,81.5668,76.3751,98.8885,21.8556,73.5027,37.3779,87.799,24.6717,95.4346,75.8126,718.0451,507.1632,1225.2083
Pharma_Company_06,Year_1_Week_50,34.3749,50.6996,13.6098,75.3382,71.9565,37.3548,62.8243,31.0432,89.1641,79.2772,481.148,516.2046,997.3526
Pharma_Company_06,Year_1_Week_51,49.5074,30.2144,88.0328,83.6007,43.7098,30.7375,62.2855,12.1337,91.6338,97.7869,534.1295,536.9567,1071.0862
Pharma_Company_06,Year_1_Week_52,17.0611,50.7196,62.0808,29.216,25.0174,10.1326,99.1611,85.1452,99.2379,61.6207,365.479,302.4882,667.9672
Pharma_Company_07,Year_1_Week_01,12.2816,22.6771,49.4754,55.5267,48.7476,75.641,78.1057,97.7222,28.7484,40.7477,442.2581,318.6142,760.8723
Pharma_Company_07,Year_1_Week_02,96.6384,25.8748,75.2732,85.6633,22.8335,97.0161,49.8064,22.1914,41.9895,68.3618,700.4745,391.2904,1091.7649
Pharma_Company_07,Year_1_Week_03,85.2382,54.8531,53.8002,75.9521,90.1087,30.1864,73.6657,30.8328,70.2297,16.1597,710.8928,556.0978,1266.9906
Pharma_Company_07,Year_1_Week_04,72.6377,47.7033,88.6081,58.8013,41.129,69.6742,45.0307,88.1569,53.5422,90.7658,615.5055,326.0707,941.5762
Pharma_Company_07,Year_1_Week_05,46.8058,92.3361,91.0632,63.1313,23.9014,76.7707,30.5988,93.3817,47.6551,20.7443,662.1319,269.799,931.9309
Pharma_Company_07,Year_1_Week_06,25.5965,42.6155,47.9549,55.7524,12.2903,86.3583,63.7167,47.7665,42.203,39.5059,380.6259,782.0701,1162.696
Pharma_Company_07,Year_1_Week_07,24.0793,62.253,34.9145,36.7794,68.124,48.0366,93.5364,14.556,63.4403,83.4171,513.0064,213.1891,726.1955
Pharma_Company_07,Year_1_Week_08,32.5219,66.9038,63.3115,60.852,67.3212,37.2638,93.6226,13.5453,61.8034,63.7581,531.6255,681.6184,1213.2439
Pharma_Company_07,Year_1_Week_09,59.4304,11.1785,92.1127,71.9997,40.6544,39.2766,40.7715,61.6555,24.5312,45.4272,581.6169,672.8211,1254.438
Pharma_Company_07,Year_1_Week_10,74.3136,69.7184,28.9596,88.5991,16.4541,74.1359,57.491,45.3606,52.4566,52.6092,658.698,378.3285,1037.0265
Pharma_Company_07,Year_1_Week_11,69.4178,26.0232,66.067,67.2662,46.8666,83.5102,29.0472,12.5787,59.8125,86.9093,545.3129,281.376,826.6889
Pharma_Company_07,Year_1_Week_12,35.1941,96.4963,66.8404,78.5009,38.0096,26.3453,99.6068,62.4927,61.3258,40.6004,607.6502,287.3772,895.0274
Pharma_Company_07,Year_1_Week_13,95.9379,23.3796,75.9802,24.4064,70.9409,43.3847,98.3006,11.0172,28.9096,88.2685,643.5253,618.459,1261.9843
Pharma_Company_07,Year_1_Week_14,76.4107,47.3162,21.8411,51.5402,64.5201,91.1746,68.4558,80.8635,76.8044,17.9321,609.6101,585.684,1195.2941
Pharma_Company_07,Year_1_Week_15,59.8919,17.6815,74.4242,10.8398,42.8134,82.6024,82.3973,37.579,12.2679,79.9119,510.2967,669.6474,1179.9441
Pharma_Company_07,Year_1_Week_16,65.0549,99.7187,91.8129,32.2011,29.6103,98.6373,74.359,13.6232,41.9349,86.2793,696.9812,762.4887,1459.4699
Pharma_Company_07,Year_1_Week_17,47.764,55.1976,26.1715,75.3816,98.9232,77.8823,63.3842,62.9517,80.2191,26.3636,565.7384,615.1564,1180.8948
Pharma_Company_07,Year_1_Week_18,32.2958,63.5847,31.3789,99.2629,50.8601,45.3876,14.8013,45.7916,60.7504,48.7312,439.5728,293.5109,733.0837
Pharma_Company_07,Year_1_Week_19,42.0375,16.0369,97.4256,18.926,71.9447,63.1574,50.9288,97.642,33.5046,24.895,535.011,346.0656,881.0766
Pharma_Company_07,Year_1_Week_20,78.2061,77.4964,26.2879,46.1345,22.6498,69.4913,70.7308,58.9779,72.5458,73.5944,607.6037,705.3162,1312.9199
Pharma_Company_07,Year_1_Week_21,11.2954,28.8915,86.8947,82.0064,53.7031,17.061,70.9778,34.7715,61.0652,58.1813,447.401,325.5836,772.9846
Pharma_Company_07,Year_1_Week_22,20.4465,90.8249,54.305,28.3632,12.4783,59.0047,43.581,73.8495,81.6619,67.1791,506.6719,243.5134,750.1853
Pharma_Company_07,Year_1_Week_23,14.1402,28.4626,32.2508,59.9576,55.491,73.8389,94.7523,34.4343,76.1523,27.6838,465.8914,621.968,1087.8594
Pharma_Company_07,Year_1_Week_24,13.6656,27.1619,88.3675,75.9764,96.7616,25.0589,25.0621,91.3819,64.9097,29.0571,500.8512,441.5158,942.367
Pharma_Company_07,Year_1_Week_25,86.9915,13.2895,50.0775,65.4387,44.5786,80.2569,55.0324,43.725,53.936,13.7348,587.5727,752.024,1339.5967
Pharma_Company_07,Year_1_Week_26,73.3292,52.486,56.3336,26.9222,13.5096,62.5396,72.1796,59.4882,21.9864,38.9861,574.682,590.153,1164.835
Pharma_Company_07,Year_1_Week_27,52.6756,60.8357,42.331,41.9846,12.786,95.7,72.7422,14.5516,33.52,60.377,482.4958,254.2514,736.7472
Pharma_Company_07,Year_1_Week_28,18.8051,15.9138,63.3656,80.5413,44.9188,13.818,68.3775,48.3509,47.719,87.2141,420.1396,768.7139,1188.8535
Pharma_Company_07,Year_1_Week_29,54.2454,79.7975,24.7171,59.8804,24.4022,33.8794,34.7759,84.9127,63.9369,70.0235,553.0732,355.1344,908.2076
Pharma_Company_07,Year_1_Week_30,52.6125,50.796,45.1973,10.4707,12.1017,64.1398,24.0586,82.5084,56.2337,49.1857,472.633,402.3275,874.9605
Pharma_Company_07,Year_1_Week_31,25.5882,57.1951,97.2471,78.4892,78.0592,36.6904,67.2346,30.1887,35.9366,95.7808,534.3455,441.3562,975.7017
Pharma_Company_07,Year_1_Week_32,49.0466,49.6686,33.232,13.178,51.2671,74.2982,63.9372,30.3471,10.5818,74.7321,438.4602,230.7346,669.1948
Pharma_Company_07,Year_1_Week_33,45.8654,46.0687,69.1063,77.116,36.032,78.3105,26.142,83.5575,54.6615,93.7149,551.7681,497.9093,1049.6774
Pharma_Company_07,Year_1_Week_34,65.4265,60.3676,39.2671,28.2233,91.0075,19.2264,73.4625,93.7359,35.7063,57.4829,596.4707,273.9911,870.4618
Pharma_Company_07,Year_1_Week_35,67.1584,23.9716,79.6126,96.2266,20.4525,56.2469,50.9655,18.5825,76.1147,33.3014,607.0414,440.5822,1047.6236
Pharma_Company_07,Year_1_Week_36,14.0774,26.3735,21.7786,43.1147,96.0327,55.8002,70.0985,50.5053,12.1552,14.7544,433.429,410.4259,843.8549
Pharma_Company_07,Year_1_Week_37,43.7151,87.5607,97.2839,39.4238,38.257,43.2353,85.363,40.3709,62.6345,75.3476,625.6008,663.7041,1289.3049
Pharma_Company_07,Year_1_Week_38,66.3274,95.1504,50.8411,23.3999,89.9563,93.9632,25.2756,88.362,94.7327,20.9173,695.1896,681.9023,1377.0919
Pharma_Company_07,Year_1_Week_39,55.2823,43.5978,31.2445,37.5044,64.2649,84.4756,11.723,17.5172,25.6968,37.2498,510.6196,292.0477,802.6673
Pharma_Company_07,Year_1_Week_40,87.0841,34.367,16.6147,88.8986,84.4037,72.7488,80.1192,29.0013,52.4485,57.9224,666.4067,419.9307,1086.3374
Pharma_Company_07,Year_1_Week_41,69.2824,67.96,25.2782,99.6701,98.5612,74.2894,64.8728,77.7222,18.228,60.7975,752.6746,424.0119,1176.6865
Pharma_Company_07,Year_1_Week_42,24.6641,46.7861,56.7797,43.1479,35.9565,51.5545,72.9676,14.6164,66.3114,64.0525,451.8957,290.8463,742.742
Pharma_Company_07,Year_1_Week_43,16.3512,12.2848,40.3303,50.375,96.5022,92.8895,85.4339,54.3282,59.5479,24.963,428.1387,679.0721,1107.2108
Pharma_Company_07,Year_1_Week_44,67.8177,24.0537,84.5995,74.9864,45.0534,72.5136,82.253,49.7896,46.6629,44.1764,602.8287,624.337,1227.1657
Pharma_Company_07,Year_1_Week_45,12.386,74.4375,48.7799,89.7576,44.6961,75.6083,96.4828,40.0961,56.9239,65.5475,511.6093,314.2291,825.8384
Pharma_Company_07,Year_1_Week_46,62.7198,69.3032,32.3843,63.374,40.6348,87.5522,58.2342,45.5115,90.6917,97.2837,639.9797,420.0331,1060.0128
Pharma_Company_07,Year_1_Week_47,94.6207,12.4386,65.543,45.2373,58.7267,34.6664,53.9646,57.6947,27.6665,75.4868,627.5051,263.483,890.9881
Pharma_Company_07,Year_1_Week_48,61.7927,29.9775,73.6099,47.136,23.8731,82.6364,46.1698,24.5231,12.0308,93.0343,581.4305,576.924,1158.3545
Pharma_Company_07,Year_1_Week_49,44.9353,30.7967,25.0338,72.6056,59.834,27.5717,23.8322,61.4796,87.5498,78.5991,482.3086,272.8232,755.1318
Pharma_Company_07,Year_1_Week_50,67.8959,70.4703,25.0857,10.2896,58.7534,41.0808,61.5347,82.4889,61.9405,63.2545,589.5459,791.5605,1381.1064
Pharma_Company_07,Year_1_Week_51,51.2428,11.7739,13.3004,65.763,78.5712,40.2049,34.9311,78.4145,90.1593,27.2821,442.4563,668.4092,1110.8655
Pharma_Company_07,Year_1_Week_52,59.1055,19.3698,76.2762,41.9944,85.0285,98.0673,92.9177,23.851,63.7251,70.0017,584.1332,434.1431,1018.2763
Pharma_Company_08,Year_1_Week_01,94.7318,81.9924,69.7424,81.4778,49.6397,87.0884,62.4872,23.4325,82.9145,66.1042,830.8937,547.1384,1378.0321
Pharma_Company_08,Year_1_Week_02,44.7492,26.069,52.7168,18.3692,37.21,73.1053,63.3556,34.1357,48.6706,64.2222,453.1079,746.8051,1199.913
Pharma_Company_08,Year_1_Week_03,96.5072,68.7471,85.9753,62.9382,33.3401,75.4351,41.9432,42.4967,77.4874,54.0807,759.5694,532.4596,1292.029
Pharma_Company_08,Year_1_Week_04,91.4816,31.4365,82.5103,53.2876,27.5161,60.5866,14.679,46.761,92.1737,57.5791,640.2108,304.6991,944.9099
Pharma_Company_08,Year_1_Week_05,27.6212,18.9497,62.6819,67.8093,15.1883,95.2382,12.8569,71.1727,61.4911,40.0998,448.1887,427.222,875.4107
Pharma_Company_08,Year_1_Week_06,16.2425,31.8855,88.1444,15.8368,40.8203,54.6633,48.1002,15.1012,26.2707,56.7381,424.6369,705.8869,1130.5238
Pharma_Company_08,Year_1_Week_07,19.07,75.004,28.5257,62.1985,34.3223,44.2466,17.6109,13.1205,34.1918,27.78,441.6377,586.5278,1028.1655
Pharma_Company_08,Year_1_Week_08,11.64,87.0127,20.0728,60.5336,96.9776,24.6732,64.6162,45.272,27.878,82.4657,500.0737,590.4346,1090.5083
Pharma_Company_08,Year_1_Week_09,18.4999,84.7198,34.2775,60.4594,60.1938,80.7585,89.2876,72.7447,32.2171,26.7199,585.1262,720.0929,1305.2191
Pharma_Company_08,Year_1_Week_10,71.4706,45.7465,15.1378,64.3139,41.2549,76.1,89.4623,27.4092,37.5774,17.647,580.356,736.3838,1316.7398
Pharma_Company_08,Year_1_Week_11,16.407,70.1277,57.8053,70.8821,62.2421,44.592,69.3141,67.7354,59.962,49.2621,526.7518,751.8755,1278.6273
Pharma_Company_08,Year_1_Week_12,38.7078,28.4486,94.2945,82.449,22.5277,12.2674,29.0109,33.3845,62.9192,69.2477,507.0133,256.9095,763.9228
Pharma_Company_08,Year_1_Week_13,86.0388,36.3833,13.5409,34.2839,49.9639,85.5098,87.6697,89.7477,48.385,49.3945,556.5417,526.4756,1083.0173
Pharma_Company_08,Year_1_Week_14,12.0945,90.6702,20.9899,84.2544,66.3611,11.0276,89.7484,90.6121,65.3879,34.9079,562.9979,644.3057,1207.3036
Pharma_Company_08,Year_1_Week_15,83.3022,11.1702,50.6979,54.843,54.0008,73.333,27.6988,36.7558,17.3417,60.2354,506.6818,654.1561,1160.8379
Pharma_Company_08,Year_1_Week_16,35.3669,17.6958,94.0488,16.9352,46.1601,97.3231,76.3683,30.6994,17.9009,41.2302,495.5091,564.0297,1059.5388
Pharma_Company_08,Year_1_Week_17,20.6348,28.7098,38.454,15.2696,99.4464,49.3895,35.7868,47.0174,25.4647,93.9581,353.1984,300.0724,653.2708
Pharma_Company_08,Year_1_Week_18,72.7063,12.3879,55.6511,40.0814,89.2283,31.1476,82.2376,31.6478,56.627,93.0381,571.3062,678.4523,1249.7585
Pharma_Company_08,Year_1_Week_19,66.6049,26.3292,13.7416,80.6407,66.1065,73.4384,99.7514,70.5145,29.2595,55.2135,582.3075,632.0668,1214.3743
Pharma_Company_08,Year_1_Week_20,88.9725,62.4737,23.3509,73.6913,61.244,83.5415,12.7023,84.3458,35.4956,39.5096,618.082,251.6815,869.7635
Pharma_Company_08,Year_1_Week_21,76.1564,47.9282,98.7967,80.9753,65.8594,59.1787,90.7629,70.5783,46.0282,76.3419,775.7136,478.2859,1253.9995
Pharma_Company_08,Year_1_Week_22,82.3133,90.3405,96.8607,56.5542,28.1181,97.0332,66.0367,84.1915,83.068,13.3042,799.6637,304.3864,1104.0501
Pharma_Company_08,Year_1_Week_23,35.3831,83.5699,10.4446,49.6179,45.5624,14.6502,97.6044,45.7293,11.2476,52.7292,499.4476,402.4862,901.9338
Pharma_Company_08,Year_1_Week_24,25.9696,40.7636,95.6631,23.2707,13.5514,55.4316,51.8509,24.0685,68.4441,40.2691,441.7112,210.8487,652.5599
Pharma_Company_08,Year_1_Week_25,77.5553,33.3481,67.5208,39.5373,52.7991,74.6609,86.2649,76.4156,70.1989,92.8482,662.1953,440.1979,1102.3932
Pharma_Company_08,Year_1_Week_26,82.6151,44.1723,88.1126,49.0617,58.8722,87.6376,15.6155,42.4427,81.879,11.0803,650.5852,529.9262,1180.5114
Pharma_Company_08,Year_1_Week_27,99.1455,63.1265,50.9266,17.974,30.4975,26.133,40.1751,70.4144,93.9478,59.7533,604.5173,571.7496,1176.2669
Pharma_Company_08,Year_1_Week_28,47.1356,34.1257,56.4036,29.8551,96.7626,82.0003,16.0315,34.358,11.8124,76.6597,489.6724,598.0942,1087.7666
Pharma_Company_08,Year_1_Week_29,43.4816,66.1734,53.9962,63.8403,91.8509,59.7436,97.7809,17.3107,23.8405,53.6516,643.7161,701.7748,1345.4909
Pharma_Company_08,Year_1_Week_30,79.8772,46.847,70.0178,76.2097,74.9929,45.6898,83.5277,99.3324,89.7554,17.6863,793.3996,329.2777,1122.6773
Pharma_Company_08,Year_1_Week_31,40.6723,59.6842,22.5686,99.8513,58.0048,21.8544,86.7293,24.0581,51.2667,97.5215,510.374,272.2891,782.6631
Pharma_Company_08,Year_1_Week_32,93.7682,49.2514,12.6976,93.9802,88.2972,87.8766,94.4169,98.9579,60.8132,56.6209,798.3679,710.9223,1509.2902
Pharma_Company_08,Year_1_Week_33,87.2571,36.5019,37.7137,67.8309,21.7587,24.1546,17.6593,97.9552,69.6724,65.2768,497.4982,293.9677,791.4659
Pharma_Company_08,Year_1_Week_34,48.6095,95.3608,73.4213,47.9123,81.1459,37.8809,44.7038,81.4436,71.116,31.2949,639.4959,784.856,1424.3519
Pharma_Company_08,Year_1_Week_35,77.5784,78.7245,28.1668,67.256,21.2339,36.1041,16.3931,69.3481,93.8566,53.5148,569.7832,705.5229,1275.3061
Pharma_Company_08,Year_1_Week_36,77.9089,22.6102,70.6089,80.7086,81.479,88.4273,28.9714,62.0026,99.7254,48.6235,646.6604,500.526,1147.1864
Pharma_Company_08,Year_1_Week_37,19.2811,88.1621,97.2921,20.6503,34.8191,70.5433,30.6429,87.9491,74.8142,16.7406,513.0843,788.8529,1301.9372
Pharma_Company_08,Year_1_Week_38,91.2298,53.8688,18.4511,46.8914,88.9382,81.7013,52.2196,36.0496,35.8499,19.5544,659.2532,258.426,917.6792
Pharma_Company_08,Year_1_Week_39,55.4727,90.5097,70.5342,85.5822,94.9638,32.5421,34.1706,52.0913,89.1777,85.3725,712.4876,381.8395,1094.3271
Pharma_Company_08,Year_1_Week_40,84.3812,81.987,49.9375,44.545,23.3916,66.2387,19.088,65.7451,14.4299,31.5838,642.0938,582.9346,1225.0284
Pharma_Company_08,Year_1_Week_41,38.8045,48.2692,88.1328,61.4685,51.6408,61.4571,25.0742,47.0071,30.7973,27.5462,569.4334,410.0041,979.4375
Pharma_Company_08,Year_1_Week_42,90.5971,12.0222,25.9435,62.8992,98.2889,84.9547,23.2548,48.4738,90.7647,55.442,622.6123,757.0235,1379.6358
Pharma_Company_08,Year_1_Week_43,45.0282,34.181,72.3363,26.6029,53.5067,91.5478,97.5769,39.7256,33.0572,79.1872,568.0913,239.3757,807.467
Pharma_Company_08,Year_1_Week_44,10.9754,58.7471,85.4304,42.6012,87.7193,11.0941,78.3363,60.7809,29.8586,15.5752,503.3373,529.6471,1032.9844
Pharma_Company_08,Year_1_Week_45,91.4844,67.013,95.0153,40.106,62.9858,70.6618,97.0985,86.5517,22.4313,61.9127,760.1611,554.5198,1314.6809
Pharma_Company_08,Year_1_Week_46,18.2158,33.2099,71.4923,12.3577,43.7797,14.6652,49.5766,28.1376,87.3201,20.7289,393.2429,591.6369,984.8798
Pharma_Company_08,Year_1_Week_47,38.7382,22.542,54.7457,12.1773,35.7205,59.3973,35.0532,94.099,55.0052,13.2815,395.5535,353.3997,748.9532
Pharma_Company_08,Year_1_Week_48,95.5056,85.1437,65.6063,84.8527,28.2901,35.8869,81.8464,72.0179,70.7404,14.747,754.8117,418.7399,1173.5516
Pharma_Company_08,Year_1_Week_49,95.5546,98.5962,88.2014,34.5764,78.5618,37.6099,39.3629,84.0946,31.516,85.0748,791.6328,706.2083,1497.8411
Pharma_Company_08,Year_1_Week_50,61.6094,57.3121,61.3549,56.6271,44.7886,41.7663,36.9445,60.0572,78.2236,20.6175,559.6662,316.9657,876.6319
Pharma_Company_08,Year_1_Week_51,66.8653,25.4511,12.7348,36.8853,56.0148,65.9163,30.9255,80.1565,78.4005,14.0636,471.1843,696.1207,1167.305
Pharma_Company_08,Year_1_Week_52,50.3601,34.5077,93.7854,94.6611,54.3093,40.0645,21.6711,11.458,38.1338,49.411,581.3789,537.5933,1118.9722
Pharma_Company_09,Year_1_Week_01,36.389,11.6552,72.0574,33.3367,61.9551,75.9429,33.0817,83.6542,46.9614,85.9594,479.5521,657.3125,1136.8646
Pharma_Company_09,Year_1_Week_02,39.5798,92.2869,70.8862,48.6691,87.9019,46.4075,41.9788,13.6125,28.8721,33.6168,580.6602,628.1644,1208.8246
Pharma_Company_09,Year_1_Week_03,70.5267,20.5976,29.4108,88.5457,98.2665,16.1518,70.6595,90.0922,97.8905,47.9541,598.3004,324.5069,922.8073
Pharma_Company_09,Year_1_Week_04,77.7137,61.8865,69.2997,85.774,46.6826,80.5384,15.6308,99.2766,68.1042,13.593,752.4555,541.2876,1293.7431
Pharma_Company_09,Year_1_Week_05,81.2421,34.665,45.4478,26.7491,84.4767,35.7182,28.9456,36.4661,94.1089,50.4171,576.6923,720.6339,1297.3262
Pharma_Company_09,Year_1_Week_06,81.0656,59.876,68.611,82.2379,78.8075,48.949,82.8121,28.9287,37.3047,61.9852,792.0989,459.2697,1251.3686
Pharma_Company_09,Year_1_Week_07,18.2085,68.6278,19.5934,51.2368,61.6176,71.6899,23.223,78.8827,80.3702,61.3816,497.7493,779.9545,1277.7038
Pharma_Company_09,Year_1_Week_08,54.4978,84.6768,69.2061,53.4672,96.0442,39.9211,40.8381,32.7724,78.9273,39.9184,698.493,471.3291,1169.8221
Pharma_Company_09,Year_1_Week_09,15.1803,28.5779,99.9472,22.0132,28.0427,15.0927,87.8193,87.9006,72.249,38.398,394.3431,285.6714,680.0145
Pharma_Company_09,Year_1_Week_10,59.4576,10.9896,14.3391,17.2541,19.8338,43.6529,23.9433,19.2558,96.9075,19.5961,355.6628,433.6608,789.3236
Pharma_Company_09,Year_1_Week_11,49.7377,22.3197,97.9457,75.5145,86.8566,95.0004,17.4463,21.336,45.42,43.0118,609.7734,771.0214,1380.7948
Pharma_Company_09,Year_1_Week_12,89.8934,91.0017,46.6217,54.6815,49.5235,67.7561,53.6084,98.1236,21.7646,18.9545,722.3815,391.8325,1114.214
Pharma_Company_09,Year_1_Week_13,41.5824,88.6501,88.3678,49.3166,86.2272,70.4331,37.2178,70.6455,70.4538,78.9936,693.6996,720.8589,1414.5585
Pharma_Company_09,Year_1_Week_14,20.536,63.7672,80.4147,75.6557,90.3781,66.9054,60.7068,86.2199,75.6379,96.9647,662.1919,728.7504,1390.9423
Pharma_Company_09,Year_1_Week_15,22.8693,64.0465,61.0315,78.8962,15.6212,27.9093,82.3424,39.1896,61.7555,97.3067,511.988,410.1119,922.0999
Pharma_Company_09,Year_1_Week_16,78.536,69.8533,76.4604,24.3017,89.5118,47.65,22.3434,70.8835,28.6136,87.8564,642.5796,249.9546,892.5342
Pharma_Company_09,Year_1_Week_17,65.6396,25.7834,89.0664,64.9203,50.3487,77.5846,62.2629,63.4818,55.401,64.0713,661.7764,634.7347,1296.5111
Pharma_Company_09,Year_1_Week_18,19.101,92.2971,46.3726,22.1819,55.9389,19.1236,55.4958,64.2835,38.0971,73.0779,448.4128,386.9074,835.3202
Pharma_Company_09,Year_1_Week_19,17.5696,47.6893,39.433,77.6238,66.3933,35.0067,22.9671,71.4279,48.472,35.6685,452.8085,669.7542,1122.5627
Pharma_Company_09,Year_1_Week_20,73.0872,44.4825,70.0834,69.126,93.3744,34.8687,66.1599,61.7823,68.0697,66.7693,675.2731,465.5929,1140.866
Pharma_Company_09,Year_1_Week_21,16.5487,56.7026,82.7061,96.0953,11.7204,48.8817,34.6276,48.6156,77.0693,51.0085,502.0474,491.16,993.2074
Pharma_Company_09,Year_1_Week_22,83.9674,14.2269,78.6057,16.2062,52.9159,98.2332,53.9051,34.833,30.9002,53.3816,608.5863,666.7456,1275.3319
Pharma_Company_09,Year_1_Week_23,73.5618,24.9655,81.8032,15.1349,71.895,16.0752,17.4045,79.1723,46.4793,78.1999,503.684,429.418,933.102
Pharma_Company_09,Year_1_Week_24,17.3214,76.423,49.2025,35.3968,75.0436,56.6831,51.3626,30.3645,34.2245,35.3727,540.7585,465.8764,1006.6349
Pharma_Company_09,Year_1_Week_25,17.6354,17.4519,83.6051,33.5535,72.3279,26.1428,37.5817,72.3119,27.8768,38.6236,354.1366,425.7143,779.8509
Pharma_Company_09,Year_1_Week_26,98.7976,64.2837,20.8188,32.2281,22.0992,97.3609,84.0143,31.0,80.5048,93.2178,632.8853,420.4043,1053.2896
Pharma_Company_09,Year_1_Week_27,43.6844,32.0814,59.004,91.5629,36.9456,20.1973,15.1281,66.2797,91.8327,15.0602,509.565,515.5679,1025.1329
Pharma_Company_09,Year_1_Week_28,43.3578,45.0366,10.5183,32.4592,42.2844,46.3241,47.6747,77.237,43.3209,53.7071,434.7205,685.2797,1120.0002
Pharma_Company_09,Year_1_Week_29,83.152,35.9824,39.2127,34.4755,82.3993,76.4096,51.2588,29.6843,77.6151,92.1521,603.989,417.061,1021.05
Pharma_Company_09,Year_1_Week_30,95.2524,42.0105,42.9815,78.3458,35.0884,73.4099,75.2505,15.3949,90.7296,64.9327,670.974,514.5528,1185.5268
Pharma_Company_09,Year_1_Week_31,98.7401,74.7141,45.6555,50.4766,28.9634,48.0456,61.6859,21.7876,86.1512,59.1766,689.7746,602.4364,1292.211
Pharma_Company_09,Year_1_Week_32,77.804,36.741,72.592,79.904,96.1703,41.1872,70.0491,64.5397,26.4532,32.477,692.4056,361.6637,1054.0693
Pharma_Company_09,Year_1_Week_33,43.8634,60.9764,44.9702,15.883,10.7977,45.7851,79.9344,86.4502,96.0663,40.8948,531.9238,366.5137,898.4375
Pharma_Company_09,Year_1_Week_34,17.5151,52.8445,50.3824,53.8814,99.8039,33.7849,87.5983,14.0497,43.9009,86.6844,516.1683,760.0479,1276.2162
Pharma_Company_09,Year_1_Week_35,79.9432,69.7304,31.379,13.0252,70.9139,28.48,38.2488,76.0736,40.5317,60.3296,600.9132,634.1207,1235.0339
Pharma_Company_09,Year_1_Week_36,60.2564,94.3147,43.5927,15.6388,84.5622,53.4736,58.422,40.7187,15.6188,56.3268,580.911,546.312,1127.223
Pharma_Company_09,Year_1_Week_37,48.18,75.9315,30.4543,91.5794,36.5157,34.168,85.6097,53.0676,53.7556,18.9622,586.3951,588.632,1175.0271
Pharma_Company_09,Year_1_Week_38,91.5719,29.3446,16.5876,22.5321,11.2884,35.8715,99.0506,93.5974,19.8112,11.4425,505.0335,217.5797,722.6132
Pharma_Company_09,Year_1_Week_39,20.0078,12.8065,64.3104,57.9179,76.4083,69.108,90.0567,39.8774,32.3686,96.7317,437.2553,570.8618,1008.1171
Pharma_Company_09,Year_1_Week_40,54.3363,33.6038,70.1392,46.9986,85.073,97.1684,43.4321,51.8803,38.5248,43.9288,610.3144,505.7053,1116.0197
Pharma_Company_09,Year_1_Week_41,11.0218,63.557,65.7541,41.2609,76.6429,64.3273,27.565,11.2314,82.7944,64.2892,454.0307,527.4498,981.4805
Pharma_Company_09,Year_1_Week_42,52.1795,14.6283,51.7145,90.985,22.8565,16.9282,54.0453,17.3439,88.794,17.1744,483.1722,415.6543,898.8265
Pharma_Company_09,Year_1_Week_43,15.0673,54.673,44.1807,11.9641,77.8085,16.8025,76.7477,33.2732,37.222,71.4803,360.3924,248.8843,609.2767
Pharma_Company_09,Year_1_Week_44,20.6936,63.7159,87.7,69.7411,79.2031,95.6281,54.3312,12.5067,87.2828,93.931,663.5474,316.0035,979.5509
Pharma_Company_09,Year_1_Week_45,20.5774,40.082,56.7174,96.7055,69.2686,36.7562,53.4863,66.8238,87.1508,61.8099,497.6102,770.4468,1268.057
Pharma_Company_09,Year_1_Week_46,68.4289,79.3821,53.1264,60.4151,78.9504,18.286,85.4407,48.3759,78.8186,21.3504,687.6339,445.2197,1132.8536
Pharma_Company_09,Year_1_Week_47,77.144,19.5938,12.3078,94.314,86.1329,63.914,42.5263,59.3331,23.2026,62.3549,602.612,480.0099,1082.6219
Pharma_Company_09,Year_1_Week_48,62.5032,16.7624,40.7123,14.7032,65.2244,66.1284,87.3815,25.7182,72.1291,78.9712,474.316,231.6259,705.9419
Pharma_Company_09,Year_1_Week_49,96.5955,75.537,44.2176,47.6914,17.9744,68.3654,46.6124,36.6339,95.0522,46.5775,698.0327,222.5397,920.5724
Pharma_Company_09,Year_1_Week_50,43.7384,54.5942,45.8941,33.4142,53.8865,34.0662,39.541,69.7442,71.4286,89.1854,453.5446,630.3089,1083.8535
Pharma_Company_09,Year_1_Week_51,35.7141,71.9562,62.2155,75.7739,16.9884,11.36,50.8591,96.8772,39.8455,68.3815,575.8347,522.8568,1098.6915
Pharma_Company_09,Year_1_Week_52,88.1739,49.1345,58.0242,98.3167,46.6789,96.8514,78.6202,14.5375,55.0521,90.9324,734.9311,505.2236,1240.1547
Pharma_Company_10,Year_1_Week_01,30.1236,32.1762,64.7115,33.0877,46.6396,32.5804,21.3402,90.1346,68.1153,66.1155,411.2749,345.8747,757.1496
Pharma_Company_10,Year_1_Week_02,96.69,83.7192,78.8395,68.8757,15.9409,70.8424,27.6777,61.9193,55.9513,21.8159,743.4265,646.8504,1390.2769
Pharma_Company_10,Year_1_Week_03,11.0939,81.9474,83.1687,27.8288,41.3938,73.5967,95.63,60.7528,20.7958,37.8723,563.7014,300.9419,864.6433
Pharma_Company_10,Year_1_Week_04,97.2891,72.5227,74.6311,60.8797,19.9898,64.9007,25.7942,55.0251,38.0858,28.1615,689.5946,313.9608,1003.5554
Pharma_Company_10,Year_1_Week_05,13.8844,34.4931,95.9971,51.7539,82.7412,38.1617,61.0955,16.2455,82.2156,91.7944,472.0198,476.4273,948.4471
Pharma_Company_10,Year_1_Week_06,90.2029,63.1208,11.6409,97.4805,95.2919,34.3987,62.1383,18.0889,87.5276,78.436,686.5674,371.7679,1058.3353
Pharma_Company_10,Year_1_Week_07,57.4931,42.4877,27.62,64.7675,16.5085,63.7901,54.0662,64.0821,22.357,70.8759,459.6863,348.4778,808.1641
Pharma_Company_10,Year_1_Week_08,99.3668,18.2424,10.6807,41.4556,95.9604,87.9486,68.0271,40.6863,95.7148,37.087,684.5065,587.1426,1271.6491
Pharma_Company_10,Year_1_Week_09,16.6417,92.5582,68.2727,20.2686,57.0319,95.206,30.6844,92.5541,39.594,26.564,534.108,590.583,1124.691
Pharma_Company_10,Year_1_Week_10,59.8469,22.3137,90.8227,23.6122,36.9609,19.5315,59.7396,46.5931,69.6082,78.0806,529.8514,694.7102,1224.5616
Pharma_Company_10,Year_1_Week_11,97.2372,95.5214,31.9134,30.2785,16.9176,23.9346,43.4956,22.8953,77.6643,52.6742,626.2265,450.6251,1076.8516
Pharma_Company_10,Year_1_Week_12,57.0788,50.1405,93.4331,32.587,55.0562,95.0263,69.5501,74.3247,83.0752,30.3211,635.9309,243.8511,879.782
Pharma_Company_10,Year_1_Week_13,66.6459,26.662,15.4241,86.5554,81.5064,76.2882,22.7101,36.4018,95.1175,65.496,559.9296,364.1998,924.1294
Pharma_Company_10,Year_1_Week_14,72.6174,58.7711,94.0992,60.5101,73.6378,89.4694,61.379,57.2923,38.1628,13.63,767.4095,788.0033,1555.4128
Pharma_Company_10,Year_1_Week_15,50.9087,88.5651,41.646,57.1052,14.5203,28.2369,26.6743,72.805,87.2656,39.3553,540.5822,557.7551,1098.3373
Pharma_Company_10,Year_1_Week_16,66.4802,75.9002,19.1279,20.3292,16.5612,62.8827,35.0779,91.0238,21.8518,52.1701,548.4866,625.8423,1174.3289
Pharma_Company_10,Year_1_Week_17,62.5883,82.5905,53.7285,87.4126,46.2586,73.1026,29.6839,81.2972,73.4537,23.3163,721.9886,204.4147,926.4033
Pharma_Company_10,Year_1_Week_18,91.1042,69.2905,33.1099,75.0533,36.5761,71.2101,26.4554,70.8725,76.778,98.6189,708.5332,510.9234,1219.4566
Pharma_Company_10,Year_1_Week_19,14.0902,72.3049,35.6386,16.0902,30.9146,46.7337,84.314,71.167,70.9951,28.8188,411.3719,222.5172,633.8891
Pharma_Company_10,Year_1_Week_20,35.2867,86.4276,37.6561,73.7052,35.2904,11.3855,35.7137,95.1332,32.7083,21.7318,490.1563,541.5381,1031.6944
Pharma_Company_10,Year_1_Week_21,95.537,32.4701,82.2723,58.9184,82.3134,62.4633,93.4411,36.6242,88.5739,28.3181,734.6764,752.4625,1487.1389
Pharma_Company_10,Year_1_Week_22,90.1237,54.0482,58.5245,17.3553,93.6305,32.7791,97.2934,10.1001,25.1973,79.2155,655.6897,781.0515,1436.7412
Pharma_Company_10,Year_1_Week_23,51.0091,29.9088,38.0177,51.2471,46.4592,50.5229,61.4134,34.4759,14.8271,48.2955,478.0102,524.3316,1002.3418
Pharma_Company_10,Year_1_Week_24,65.8119,98.8901,64.93,53.6227,91.55,96.1823,22.8701,29.6102,74.5718,60.8874,673.9711,474.9229,1148.894
Pharma_Company_10,Year_1_Week_25,34.9643,94.9653,74.4536,24.9197,38.9346,45.9132,43.7093,69.5651,52.7928,11.8908,563.5639,767.0103,1330.5742
Pharma_Company_10,Year_1_Week_26,26.9309,13.5484,34.5362,95.1128,52.8793,85.5821,81.7959,67.034,86.4188,13.0988,505.8277,604.1659,1109.9936
Pharma_Company_10,Year_1_Week_27,51.7329,73.5018,47.2194,86.4978,30.3426,26.9687,43.0652,63.4115,44.5057,50.1243,565.4027,238.9396,804.3423
Pharma_Company_10,Year_1_Week_28,41.8017,93.2723,20.9697,70.212,67.6428,70.5214,17.8315,11.4619,25.1451,83.499,585.0186,479.4353,1064.4539
Pharma_Company_10,Year_1_Week_29,62.5291,26.2518,26.3034,51.6066,98.1083,97.9306,60.1106,75.59,85.2798,89.6715,612.0273,344.147,956.1743
Pharma_Company_10,Year_1_Week_30,16.9961,61.1151,71.3006,47.0589,64.3144,19.1704,86.0609,39.1177,59.4019,17.8036,535.8967,481.8826,1017.7793
Pharma_Company_10,Year_1_Week_31,97.6955,92.3939,26.3295,68.5876,42.2033,10.7488,81.6334,69.855,27.0276,58.4527,696.389,473.2793,1169.6683
Pharma_Company_10,Year_1_Week_32,98.759,13.0551,57.2647,59.0889,68.3036,49.0225,25.7611,60.0921,74.8346,92.1907,653.1272,549.2869,1202.4141
Pharma_Company_10,Year_1_Week_33,72.8346,72.7678,73.8142,15.6046,21.0629,18.3363,70.5488,40.8458,56.0002,44.9175,628.4731,414.0623,1042.5354
Pharma_Company_10,Year_1_Week_34,58.2487,36.7614,19.6189,56.1252,89.9793,77.3546,29.8454,22.1119,64.3882,84.6609,562.6986,298.5623,861.2609
Pharma_Company_10,Year_1_Week_35,37.8575,93.1957,61.0581,82.5763,55.2776,92.3094,29.6387,18.4977,51.4809,22.0326,602.4471,502.2317,1104.6788
Pharma_Company_10,Year_1_Week_36,83.2416,97.3952,33.0907,51.3316,50.4415,49.0619,88.6665,84.8366,84.5838,94.1855,723.2382,698.1217,1421.3599
Pharma_Company_10,Year_1_Week_37,71.6258,94.984,96.6634,14.6761,62.7278,33.284,32.4702,92.6558,84.6606,77.6281,700.4226,598.4073,1298.8299
Pharma_Company_10,Year_1_Week_38,24.6355,52.6793,53.5191,80.765,66.2305,49.0963,33.6923,68.4809,73.845,94.7201,538.6991,403.0207,941.7198
Pharma_Company_10,Year_1_Week_39,91.9834,87.5838,82.5393,28.1227,16.4598,75.1103,10.0588,19.3091,19.4861,70.8956,683.2427,761.3138,1444.5565
Pharma_Company_10,Year_1_Week_40,84.0284,86.0094,59.5204,33.2759,71.4355,10.8149,88.3602,46.1824,85.4968,42.7064,676.4183,747.3245,1423.7428
Pharma_Company_10,Year_1_Week_41,95.482,38.719,13.9071,24.8236,31.7739,63.0509,81.3335,75.6045,70.3912,94.4363,578.2474,325.609,903.8564
Pharma_Company_10,Year_1_Week_42,75.3148,84.6024,66.9836,39.7194,74.2557,65.1963,66.4596,80.1839,72.7322,34.801,678.021,223.6506,901.6716
Pharma_Company_10,Year_1_Week_43,65.2074,13.3307,95.6263,78.1076,84.0281,67.3919,77.5239,20.6397,42.6685,39.8955,695.8109,644.7852,1340.5961
Pharma_Company_10,Year_1_Week_44,47.6419,63.6643,64.1451,56.7447,82.3563,31.782,23.6844,10.0028,89.1352,73.0728,548.2717,696.5662,1244.8379
Pharma_Company_10,Year_1_Week_45,93.9456,30.7008,83.727,28.4393,59.7251,74.2647,51.2491,74.0923,75.2834,78.8785,684.9505,780.7187,1465.6692
Pharma_Company_10,Year_1_Week_46,87.9458,20.851,89.5786,89.0047,56.8153,18.2252,41.6097,42.0937,20.1331,93.6463,634.4785,733.9018,1368.3803
Pharma_Company_10,Year_1_Week_47,14.0697,16.9258,30.5272,89.1624,22.8588,27.9343,18.4399,32.9033,46.7,28.4322,344.1969,560.3209,904.5178
Pharma_Company_10,Year_1_Week_48,12.373,72.666,29.084,88.3521,79.7812,88.9723,53.7517,11.1608,89.7742,81.8198,449.8272,518.0314,967.8586
Pharma_Company_10,Year_1_Week_49,43.8817,40.5887,64.9883,31.4917,34.4268,76.4851,92.8666,58.6269,14.2477,76.4691,520.5237,216.7046,737.2283
Pharma_Company_10,Year_1_Week_50,82.9498,75.229,46.9926,50.6115,54.7026,11.2371,13.6053,86.6036,96.5275,15.7415,632.9008,347.9939,980.8947
Pharma_Company_10,Year_1_Week_51,98.8549,15.8821,85.5875,98.6491,35.5847,32.3539,36.2315,96.1868,71.1246,44.8501,684.9075,475.7689,1160.6764
Pharma_Company_10,Year_1_Week_52,23.5375,38.3761,91.0021,79.4811,22.0446,29.2966,28.6787,60.917,66.8238,35.4489,532.3582,577.1023,1109.4605
